path,set,n_pairs,logf_spread,frac_impossible,any_impossible,ortho_err_max_deg,hfov_deg
P1020177,yorkurban,2,0.038496340021626274,0.0,False,1.0544933678497586,51.05601964687235
P1020828,yorkurban,4,2.9386279450239563,0.25,True,0.12401846404276284,50.780162728875396
P1020830,yorkurban,2,0.021537046113075498,0.0,False,0.7872560101469475,48.82005794460725
P1020833,yorkurban,2,,1.0,True,0.8492707493099942,52.14647584217852
P1020838,yorkurban,2,0.022519209896350922,0.0,False,0.6027877748836374,50.53410697102158
P1020841,yorkurban,2,0.01655555852685886,0.0,False,0.842664880622749,49.558030866072784
P1020845,yorkurban,3,0.26361465757843394,0.0,False,0.43135658520002096,49.519527826546074
P1020860,yorkurban,2,0.1771960679739042,0.0,False,0.3297764178763316,49.20547775298833
P1020861,yorkurban,3,0.7185920625788462,0.0,False,1.7911504830329363,47.686992665055364
P1020871,yorkurban,3,0.10637602426440473,0.3333333333333333,True,68.27049704389529,151.92741111945637
P1020872,yorkurban,2,0.037956013012397705,0.0,False,0.6902984056586661,48.91802774043498
P1020887,yorkurban,4,0.7583525552068275,0.0,False,14.475914500688475,38.340889514739644
P1020912,yorkurban,3,0.8097687412919701,0.0,False,65.07169044772414,33.61890573513597
P1020928,yorkurban,2,0.07241114936427806,0.0,False,0.9255546027403057,48.932747566308485
P1040783,yorkurban,3,0.07448718967465329,0.3333333333333333,True,1.5709633950640836,54.024864333775845
P1040788,yorkurban,2,0.05600107585624592,0.0,False,1.170013360437423,52.79128145196315
P1040812,yorkurban,3,0.18499399840811748,0.3333333333333333,True,1.1793138489959603,47.236423737288405
P1040814,yorkurban,2,0.09317825387170497,0.0,False,0.17381264675053387,50.34126947409223
P1040817,yorkurban,4,0.2211852029140946,0.25,True,0.2980141152394964,43.10726308182327
P1040818,yorkurban,4,1.3053609027553819,0.0,False,72.19782588567253,32.753133289522715
P1040819,yorkurban,2,0.007399305343678719,0.0,False,0.6554605052490103,50.05600619765039
P1040823,yorkurban,3,,0.6666666666666666,True,13.340752059217053,24.473707858531
P1040825,yorkurban,3,0.014111590852842859,0.3333333333333333,True,0.1747235050311957,51.99458475223751
P1040826,yorkurban,2,0.3192443918016936,0.0,False,0.9989952661707378,74.07375653412333
P1040829,yorkurban,2,0.23567527240501107,0.0,False,0.35978804152108523,48.11783822039517
P1040833,yorkurban,3,,0.6666666666666666,True,0.6440996214185617,68.55999744211388
P1040839,yorkurban,2,0.023414111646439473,0.0,False,0.45716630740473363,51.61046100487531
P1040843,yorkurban,2,0.44270003060698837,0.0,False,0.38971842098534637,53.2013088257444
P1040845,yorkurban,2,0.002542002319924741,0.0,False,0.026632166191546958,49.89310681802923
P1040850,yorkurban,2,0.010618308544222188,0.0,False,0.8034388892816651,49.91831179735208
P1040853,yorkurban,2,,0.5,True,0.8378603864091332,45.87781960192907
P1040854,yorkurban,3,2.8369105122279175,0.0,False,0.6745174641802549,53.376308047823045
P1040855,yorkurban,4,1.3830945947433646,0.25,True,0.4754429796117705,46.049879514492346
P1040856,yorkurban,2,0.16504582545822366,0.0,False,0.44913309413112756,49.67150428365727
P1040860,yorkurban,2,1.2212562982705704,0.0,False,0.39587222670442657,48.48412177346616
P1040862,yorkurban,4,0.7227861459400717,0.5,True,0.9946685687088035,47.573846673829074
P1040863,yorkurban,2,,1.0,True,0.6601472066489436,45.412543083524206
P1040870,yorkurban,4,0.500859661371595,0.25,True,1.1210005565613557,50.897418938820195
P1020816,yorkurban,2,0.17287536697375927,0.0,False,0.47969185819309246,51.087907075387676
P1020817,yorkurban,2,0.14173687848357108,0.0,False,0.6267439380313391,51.07592942132567
P1020819,yorkurban,2,0.01483578298037358,0.0,False,1.2271688290362448,51.07183476730629
P1020824,yorkurban,2,0.06170291405533135,0.0,False,0.5161789715466796,49.196491902241895
P1020825,yorkurban,3,,1.0,True,1.3748314513178883,49.42276857075033
P1020831,yorkurban,2,0.2321859958675745,0.0,False,0.5860667128353754,49.80723491310799
P1020847,yorkurban,3,0.20123769249657286,0.3333333333333333,True,0.42423904963011694,52.21375552669361
P1020867,yorkurban,2,0.1111019082053124,0.0,False,0.20316272277565872,49.890484675170676
P1030001,yorkurban,2,0.03379197724221328,0.0,False,0.8822881603104378,49.535389576286924
P1030004,yorkurban,4,0.1378181785127106,0.25,True,2.305068170786271,48.07374090224317
P1080005,yorkurban,2,0.12161449843889205,0.0,False,1.3155437240937573,49.71515471040641
P1080008,yorkurban,3,0.026962056675133184,0.3333333333333333,True,0.5785911667598782,50.720467290934195
P1080011,yorkurban,2,0.041109810557308,0.0,False,0.6472214572614234,49.95794495406821
P1080018,yorkurban,3,0.22212009375366826,0.0,False,0.596288436293662,50.7899060897949
P1080025,yorkurban,2,0.0916845888490041,0.0,False,0.20849815245848902,50.6757907748008
P1080031,yorkurban,2,0.05460963434790056,0.0,False,0.34097184604588904,52.15215972974154
P1080036,yorkurban,2,0.1113513444717471,0.0,False,1.2930966000388935,50.43413536888923
P1080049,yorkurban,2,0.13128665029412012,0.0,False,1.5744686527522873,48.660644959639484
P1080053,yorkurban,2,0.03917758155296802,0.0,False,0.6182616489186756,47.050132313351284
P1080055,yorkurban,2,0.17317385921047102,0.0,False,1.2895107559914578,50.81411750100998
P1080057,yorkurban,3,0.15492822285977326,0.0,False,0.577738877332493,49.52044346574121
P1080062,yorkurban,2,0.6442679542781953,0.0,False,0.08555344874791615,54.15907295698489
P1080074,yorkurban,2,0.10921016756224589,0.0,False,1.6304101704706682,51.25631789852612
P1080078,yorkurban,2,0.3602059950092942,0.0,False,0.36015166799334963,44.986397180711435
P1080079,yorkurban,2,0.3669402323785871,0.0,False,0.379111296234214,48.965944183831226
P1080091,yorkurban,3,1.0485778901798062,0.0,False,0.845541597828543,50.52038654256445
P1080092,yorkurban,2,,0.5,True,0.5217059187077666,48.54310807671922
P1080100,yorkurban,2,0.033352809172827236,0.0,False,0.6124552615545866,51.249907114726135
P1080104,yorkurban,3,0.2495709505163628,0.0,False,0.3946001935120904,50.444783176908274
P1080106,yorkurban,3,0.1212011255754204,0.0,False,0.26043938467164196,50.81748450295699
P1080111,yorkurban,3,0.41724779847681503,0.0,False,2.8527948126075273,47.596756777614836
P1080113,yorkurban,3,0.029157216263726582,0.3333333333333333,True,0.6726155369377551,50.59078702836952
P1080116,yorkurban,2,0.27084636857321165,0.0,False,1.6012544563155586,50.23189858594335
P1080119,yorkurban,3,0.6597852354005038,0.0,False,0.5466687775925436,49.45578028680489
101102990.jpg,real-commons,2,,0.5,True,69.795579049086,25.175985193637363
105241817.jpg,real-commons,4,1.2623892745273348,0.0,False,2.157570419443772,72.12412559607723
105241820.jpg,real-commons,3,0.22266048880996703,0.0,False,1.72721629835641,71.63767512630228
105380830.jpg,real-commons,4,0.35342335188209173,0.5,True,50.0126840337624,8.330096805603594
107361510.jpg,real-commons,2,,1.0,True,10.373879632991972,21.127529775744225
107528007.jpg,real-commons,2,,1.0,True,47.363781773481996,29.53278629742743
113368842.jpg,real-commons,2,,1.0,True,29.318726380245792,5.445483575454332
115919549.jpg,real-commons,3,,1.0,True,32.06437869526301,43.66189384440833
119858370.jpg,real-commons,3,0.04823357892800306,0.3333333333333333,True,50.42233886749504,27.138076767831304
121501894.jpg,real-commons,3,0.012844409674161561,0.3333333333333333,True,3.260293216058841,63.39591598742458
122233284.jpg,real-commons,2,0.4139066934724358,0.0,False,0.279899930073654,71.42680870678926
124585902.jpg,real-commons,3,0.21617382344504588,0.3333333333333333,True,69.50591768061308,49.46670176257326
128753247.jpg,real-commons,2,0.037323844279087304,0.0,False,2.4544130716169406,64.06946168755617
128858931.jpg,real-commons,4,0.34273924813990053,0.0,False,2.8163204513198963,58.31135765539746
133798379.jpg,real-commons,4,0.5235101289967625,0.25,True,15.97954626101469,66.84484248251877
133798579.jpg,real-commons,4,,1.0,True,29.446059108716206,137.7376595031089
133798698.jpg,real-commons,3,0.9362848448326471,0.0,False,51.383414329402356,33.77803111797547
133798706.jpg,real-commons,4,0.15213696390573705,0.0,False,7.553728459756513,72.69285906652325
133798741.jpg,real-commons,4,0.15700311621145868,0.0,False,7.256631534384198,68.6833287574177
133798768.jpg,real-commons,0,,,,67.63126748977584,83.49015445110804
133927081.jpg,real-commons,4,0.07696631629950446,0.25,True,1.4095318326302078,73.67839577937907
133927151.jpg,real-commons,2,0.1561424736299699,0.0,False,0.5954138698506313,17.068016170041332
134289312.jpg,real-commons,2,0.1378712806855269,0.0,False,0.5899431796036794,66.35539298986798
134289377.jpg,real-commons,2,0.07990610473413629,0.0,False,0.5938391028642371,66.83971083306619
134351813.jpg,real-commons,4,0.24578470126545415,0.25,True,1.0733418285270488,97.76842005407413
134356706.jpg,real-commons,2,0.12516660005982772,0.0,False,1.203454030371958,20.541043634698497
134408326.jpg,real-commons,2,0.04520914194075054,0.0,False,0.22164821783714217,66.80531311687055
139658745.jpg,real-commons,3,0.9824439536184775,0.0,False,50.42543903373538,149.38407725049035
139760688.jpg,real-commons,4,,0.75,True,44.942496494959904,24.3054410389383
140073054.jpg,real-commons,2,0.2026396794930605,0.0,False,2.193186772475755,47.190288841547314
140080569.jpg,real-commons,3,5.884541522965013,0.0,False,0.3678725401554459,92.39321720958594
140130433.jpg,real-commons,2,0.047691313504988564,0.0,False,6.429846801607937,68.15731937825431
141067899.jpg,real-commons,2,0.029867284721522225,0.0,False,4.020293159590594,61.24802218718438
141125806.jpg,real-commons,4,0.4897965823020103,0.0,False,0.7654122683183289,53.97840789533679
142127097.jpg,real-commons,2,,1.0,True,1.9783246993196144,69.282578112466
142127098.jpg,real-commons,2,0.009016442204057284,0.0,False,4.579308620641996,65.2285563405539
142127100.jpg,real-commons,2,,1.0,True,4.423933389655559,66.69412584781763
142127112.jpg,real-commons,4,0.07063651036880714,0.5,True,0.2621025278932194,37.99356934515882
142127114.jpg,real-commons,2,,0.5,True,0.9167497538732334,37.98284554489283
142127115.jpg,real-commons,4,0.5356704093057791,0.0,False,2.8995313433048437,60.692093200106264
142127126.jpg,real-commons,3,0.2588977253994065,0.3333333333333333,True,1.4195642344210455,40.41575499991192
142127135.jpg,real-commons,2,0.2760639450273503,0.0,False,0.5209459183917886,71.86058921397708
142127137.jpg,real-commons,2,0.210874700147631,0.0,False,1.1569538301355777,70.09649869976003
142127141.jpg,real-commons,2,,0.5,True,0.789159938845799,70.54243663833529
142127145.jpg,real-commons,2,,0.5,True,1.4944589088345026,68.95374432712026
142127147.jpg,real-commons,2,,0.5,True,1.442485891735302,67.83413611618668
142127154.jpg,real-commons,2,0.16166850316355408,0.0,False,1.046825830235349,60.803537910749185
142127155.jpg,real-commons,3,1.1308042616312788,0.0,False,2.8007864531151228,38.491969730273276
142127166.jpg,real-commons,3,0.4034861317192462,0.0,False,1.088689353568725,34.972254952137305
142127172.jpg,real-commons,4,0.33609425439828655,0.0,False,3.8465736456109454,63.19059890564194
144073369.jpg,real-commons,2,0.016137091766780465,0.0,False,0.6370733904895047,73.56963274789712
144073375.jpg,real-commons,2,0.09049039157942307,0.0,False,78.8014614358517,56.043116071510376
144073379.jpg,real-commons,4,0.44361898138147815,0.25,True,1.7745028739755497,85.85228150639925
144073382.jpg,real-commons,2,0.016106464358993655,0.0,False,0.7125049651698703,71.83859091106791
144073388.jpg,real-commons,2,0.020816122604521148,0.0,False,0.4032537050034506,72.88593292390115
144073395.jpg,real-commons,2,0.007442225089982379,0.0,False,0.16033214772137683,72.8665540788645
144073397.jpg,real-commons,2,0.0047758937844752936,0.0,False,0.16672723101700626,73.0528287748451
144074254.jpg,real-commons,3,0.05433710085148924,0.3333333333333333,True,1.963744753805443,75.63191019463032
144076551.jpg,real-commons,2,0.4618428403903394,0.0,False,65.13093358669255,83.0871004347618
144076565.jpg,real-commons,2,0.4619920358648697,0.0,False,0.5853870335726015,57.345209103090816
147574083.jpg,real-commons,3,0.30339924781811956,0.3333333333333333,True,3.4118456543590696,34.5522589458431
150027945.jpg,real-commons,3,,1.0,True,3.4877231268245055,59.17562205083876
151607867.jpg,real-commons,3,0.46941271299945075,0.0,False,3.0064513793454495,79.5076924237473
153899608.jpg,real-commons,2,,1.0,True,13.45814618415551,60.371617760974495
159587572.jpg,real-commons,2,,0.5,True,0.47790393439559864,71.85233505305231
162536417.jpg,real-commons,2,0.015586504069395879,0.0,False,8.724160939713926,63.49666113828175
162537105.jpg,real-commons,2,0.01713125951318517,0.0,False,9.164537396286093,62.14974780242323
162663045.jpg,real-commons,2,0.5219972392878498,0.0,False,0.3415286879683208,71.10934401969105
162927541.jpg,real-commons,2,0.11751829268154168,0.0,False,0.54442848880133,67.54527755177449
162927548.jpg,real-commons,2,0.009093295037901683,0.0,False,0.10874935749608028,70.26176520994379
164368723.jpg,real-commons,4,0.005972455709327029,0.5,True,6.113366458678499,35.20882685998846
164368837.jpg,real-commons,2,,1.0,True,10.941221346724276,71.15018980574477
164368854.jpg,real-commons,3,0.11797260170542412,0.0,False,8.727162288890213,71.86974401317438
164368855.jpg,real-commons,2,0.04538513211599593,0.0,False,8.552433001532748,65.81396844993829
164454504.jpg,real-commons,4,0.45069682195069394,0.25,True,12.20663934461119,63.45821442137441
170729583.jpg,real-commons,2,,0.5,True,1.2418944631954503,20.25170137508384
170743455.jpg,real-commons,2,0.03295309852326156,0.0,False,3.3294709636471396,70.2870492560758
170746481.jpg,real-commons,3,2.711436543381626,0.0,False,0.22344658401104311,86.23338257110782
17189804.jpg,real-commons,2,0.09301274627322709,0.0,False,1.4077795851867876,59.52801030971658
175443170.jpg,real-commons,2,0.1338023607095291,0.0,False,9.540214605587806,2.387897184175002
176046294.jpg,real-commons,3,1.712393064350735,0.3333333333333333,True,5.034604223737702,116.33025845950058
186640910.jpg,real-commons,3,0.04890777447888528,0.0,False,5.92899455186641,66.5192055006356
191391879.jpg,real-commons,3,,1.0,True,7.250365523074066,34.19410334644818
191632426.jpg,real-commons,2,3.183269501153796,0.0,False,25.85734502410874,6.525008933748598
192421379.jpg,real-commons,4,,0.75,True,2.1740457026319433,25.653418179053222
195397600.jpg,real-commons,3,0.0009934501093979975,0.3333333333333333,True,0.23386861338524056,56.97386394919719
196729084.jpg,real-commons,4,0.8814491548207641,0.25,True,9.932785189669588,42.20602247554633
198863012.jpg,real-commons,2,0.02579908873850023,0.0,False,0.4327953403898732,18.470316480117937
199677639.jpg,real-commons,2,0.09021045590096488,0.0,False,6.322575635520835,26.157214360496003
21152354.jpg,real-commons,4,,0.75,True,32.21398001757148,127.37635101370856
21611524.jpg,real-commons,3,0.30245842496644393,0.0,False,1.4571100950694102,36.64756555463328
22647576.jpg,real-commons,2,0.04005724527592669,0.0,False,1.304385416948307,52.80789659374264
22786006.jpg,real-commons,2,0.1824623533781029,0.0,False,0.05651996444649399,54.79266616080994
23210586.jpg,real-commons,2,,1.0,True,3.326144093289969,65.27958823763834
23962381.jpg,real-commons,4,0.4607855957046141,0.0,False,1.1908973112577144,49.79382792522849
27299218.jpg,real-commons,3,0.11147783119931542,0.0,False,2.064428206523047,69.17410645555901
27299221.jpg,real-commons,3,0.16666410865101255,0.0,False,5.357502948507317,80.57128544135321
27597820.jpg,real-commons,2,,0.5,True,31.898235819646622,58.81588246530551
28381723.jpg,real-commons,3,0.22024260723522104,0.3333333333333333,True,72.54907111619596,36.119209071948326
29514918.jpg,real-commons,4,,0.75,True,41.35926360140383,21.78442305510339
29657001.jpg,real-commons,2,0.00032428924810812276,0.0,False,15.478154009372574,82.45271957821973
32289309.jpg,real-commons,2,,0.5,True,2.189705132906724,50.06485389269274
3721699.jpg,real-commons,2,0.00036810330765035815,0.0,False,0.202262646147787,46.5049968572026
38392016.jpg,real-commons,3,0.5597219382282486,0.0,False,2.0556748530602107,50.520335948368434
4384107.jpg,real-commons,2,1.9540619467321738,0.0,False,27.819736673772447,41.111344405706824
45045216.jpg,real-commons,4,0.42637880538354,0.25,True,5.655934548369842,32.39734534787463
45430044.jpg,real-commons,2,,0.5,True,35.39415720101354,34.438035674282965
4968273.jpg,real-commons,4,,0.75,True,2.200483334481774,70.81304788188174
54398721.jpg,real-commons,2,,1.0,True,4.589954270143224,48.7997673422632
57603006.jpg,real-commons,3,0.07103902923284,0.3333333333333333,True,1.0944624538164192,95.13363436325999
61534267.jpg,real-commons,3,,0.6666666666666666,True,75.66780836435565,36.686441788845656
77569557.jpg,real-commons,3,0.9063054326781232,0.3333333333333333,True,17.471261181977255,57.52708680527593
79085935.jpg,real-commons,2,0.06955622705672848,0.0,False,0.8018025134046098,64.9316809561612
82516459.jpg,real-commons,3,0.013942246190229213,0.3333333333333333,True,0.9415039972489296,63.7987047619897
84742407.jpg,real-commons,3,0.12489251781291877,0.3333333333333333,True,78.6571494053962,59.75796146751827
89454440.jpg,real-commons,3,1.1578538995740573,0.0,False,1.2014533257201379,68.1319231087705
90907782.jpg,real-commons,2,0.06768528332456025,0.0,False,2.0083455628868734,40.223509758937695
91065334.jpg,real-commons,2,2.158863446477021,0.0,False,14.41833731636521,63.85555082878602
92409324.jpg,real-commons,2,0.05950896366663194,0.0,False,2.9050977644253493,10.272073096336756
98874670.jpg,real-commons,3,0.13206110765686763,0.3333333333333333,True,2.543897614565651,55.97823910416246
99938888.jpg,real-commons,2,0.06824140873972873,0.0,False,0.8908676083815834,51.152630049328835
sd15_0003.png,sd15_rich,4,2.32205245315755,0.5,True,4.466509819143752,9.782555005509343
sd15_0006.png,sd15_rich,4,1.2643786293923442,0.5,True,3.917456617088476,39.95042866753385
sd15_0012.png,sd15_rich,2,,0.5,True,14.738459827093152,17.292169316413315
sd15_0013.png,sd15_rich,2,,0.5,True,2.658659836003423,31.267183001610082
sd15_0015.png,sd15_rich,3,2.1594321303127018,0.3333333333333333,True,1.3765029705613046,12.743706004794667
sd15_0016.png,sd15_rich,4,0.4231757885245262,0.5,True,16.48628839473787,11.510741531917702
sd15_0018.png,sd15_rich,4,0.5691862876024807,0.0,False,7.152840650355245,77.3922071311258
sd15_0021.png,sd15_rich,4,0.99615262729934,0.0,False,2.2942504685266982,76.17747768516985
sd15_0027.png,sd15_rich,2,,1.0,True,2.8085510946087453,37.57449714357553
sd15_0028.png,sd15_rich,3,0.09599436490916169,0.0,False,8.677930449853235,39.500765246302024
sd15_0031.png,sd15_rich,3,,0.6666666666666666,True,0.7211523271156466,61.85023092458492
sd15_0033.png,sd15_rich,3,0.14991762622975724,0.3333333333333333,True,0.978390128853178,21.53811960158
sd15_0035.png,sd15_rich,3,1.1420655816533314,0.3333333333333333,True,0.9463897530786198,39.10368287731035
sd15_0037.png,sd15_rich,0,,,,3.282956022356217,77.22715937696053
sd15_0041.png,sd15_rich,4,0.7230657417745849,0.0,False,49.357598401127184,80.48700663633767
sd15_0043.png,sd15_rich,2,,0.5,True,3.7187573184712335,20.534536068756726
sd15_0045.png,sd15_rich,3,0.3547765674782726,0.0,False,3.0207582166491704,48.39358670223138
sd15_0047.png,sd15_rich,2,,0.5,True,4.467549714197318,97.68367007453435
sd15_0049.png,sd15_rich,4,0.411314952057527,0.0,False,5.546094000904887,52.02671569981877
sd15_0050.png,sd15_rich,3,0.2516484597860522,0.0,False,0.7110886460737333,58.267413829724724
sd15_0051.png,sd15_rich,4,1.6006671492777222,0.25,True,3.3758094039429807,19.869746318466767
sd15_0052.png,sd15_rich,2,0.23369936029201277,0.0,False,9.343040485712336,99.9689007072979
sd15_0053.png,sd15_rich,3,,0.6666666666666666,True,2.350793812241534,80.82926132666213
sd15_0054.png,sd15_rich,2,0.09420482464170021,0.0,False,1.412988619850708,45.88278475933698
sd15_0060.png,sd15_rich,4,0.3170669207923327,0.25,True,2.9392990698743233,34.599725489270746
sd15_0062.png,sd15_rich,4,0.22453308267073702,0.5,True,76.11225221795408,40.520100630969694
sd15_0063.png,sd15_rich,2,,1.0,True,0.611469585429262,48.47242417117669
sd15_0065.png,sd15_rich,0,,,,1.4962161591545424,55.351076422493804
sd15_0066.png,sd15_rich,3,,1.0,True,1.9127709321380735,80.74314925305607
sd15_0067.png,sd15_rich,3,,0.6666666666666666,True,0.7484184827675193,37.29961182865112
sd15_0074.png,sd15_rich,4,0.5871372668031842,0.5,True,9.324738742284993,20.61325678281145
sd15_0075.png,sd15_rich,2,0.424491910061489,0.0,False,2.7959995703411096,48.89031960425582
sd15_0076.png,sd15_rich,3,,0.6666666666666666,True,1.4035644880101472,29.297479484152344
sd15_0077.png,sd15_rich,4,1.0852494002383466,0.25,True,1.5723624884209215,71.99605538182213
sd15_0079.png,sd15_rich,3,0.16061734246660286,0.0,False,10.078979224781577,89.03057584070928
sd15_0085.png,sd15_rich,0,,,,2.7161391134953305,10.705676626075178
sd15_0093.png,sd15_rich,4,0.8466273826307598,0.25,True,1.2161665960776276,71.39279935923715
sd15_0097.png,sd15_rich,4,0.6872109758029099,0.25,True,34.83786770295692,96.20235273235686
sd15_0101.png,sd15_rich,3,2.257659831707695,0.0,False,0.32817983886027946,73.31332175404037
sd15_0107.png,sd15_rich,3,0.11853948192881614,0.3333333333333333,True,5.358055357728475,9.501968485650085
sd15_0109.png,sd15_rich,4,1.4063321150115948,0.0,False,1.6064877881233457,72.03742320862234
sd15_0117.png,sd15_rich,4,0.8093724409911589,0.0,False,6.034747129053727,69.86278676180297
sd15_0123.png,sd15_rich,2,,0.5,True,2.800742696397876,34.51409399139593
sd15_0125.png,sd15_rich,3,,1.0,True,3.200475482616028,43.8014256915998
sd15_0126.png,sd15_rich,2,0.585433301265744,0.0,False,5.263808304927636,16.034109350692223
sd15_0127.png,sd15_rich,2,,1.0,True,1.334703349076861,68.73094421310927
sd15_0130.png,sd15_rich,3,0.2353651179542844,0.0,False,6.140317117539524,67.78552237814253
sd15_0131.png,sd15_rich,2,,1.0,True,6.306555678105099,16.425730255413807
sd15_0133.png,sd15_rich,3,0.328246437071809,0.3333333333333333,True,1.5460740420919734,52.352000583899155
sd15_0135.png,sd15_rich,3,1.806851867842222,0.3333333333333333,True,29.81388475360928,5.491146229178982
sd15_0139.png,sd15_rich,2,,0.5,True,4.647817117311803,4.015425144277819
sd15_0141.png,sd15_rich,4,,0.75,True,2.2607507539837,86.70254547158036
sd15_0143.png,sd15_rich,3,,0.6666666666666666,True,1.5776463308998672,65.38587317479522
sd15_0145.png,sd15_rich,2,0.23753925500110462,0.0,False,0.9505679300097114,66.4215821507841
sd15_0147.png,sd15_rich,3,,0.6666666666666666,True,2.045001365976546,31.2490164285591
sd15_0149.png,sd15_rich,2,0.012679968943925424,0.0,False,2.129691063338285,53.76761550455521
sd15_0157.png,sd15_rich,3,2.712878636528157,0.0,False,2.2056106046509427,22.59744801119702
sd15_0163.png,sd15_rich,2,,1.0,True,5.925919113406934,37.89040497871329
sd15_0165.png,sd15_rich,3,,1.0,True,2.7466470441485455,18.511494962701057
sd15_0171.png,sd15_rich,2,0.32726739926478654,0.0,False,0.8249863619160891,78.42765537299817
sd15_0172.png,sd15_rich,0,,,,1.3108559290013346,82.62570184565874
sd15_0173.png,sd15_rich,0,,,,71.39529047257356,61.91717569244326
sd15_0175.png,sd15_rich,3,,1.0,True,6.579487840167957,93.75325606773815
sd15_0177.png,sd15_rich,2,0.1016423123506831,0.0,False,3.9462801359780286,48.79581455655752
sd15_0178.png,sd15_rich,4,1.1938120617787105,0.0,False,47.89916199542261,39.9181840500336
sd15_0179.png,sd15_rich,4,1.120126363331484,0.5,True,2.127158633192323,101.1777252033256
sd15_0181.png,sd15_rich,3,,1.0,True,2.713776133958291,89.338651184259
sd15_0182.png,sd15_rich,3,0.7091149626072468,0.3333333333333333,True,4.430145997185306,9.815808589142739
sd15_0188.png,sd15_rich,4,,1.0,True,6.680396685777637,79.43266487477875
sd15_0189.png,sd15_rich,4,0.7369887482028847,0.0,False,2.7200543205776313,83.89668838477745
sd15_0191.png,sd15_rich,2,,1.0,True,1.9262112900299115,50.88555596535491
sd15_0194.png,sd15_rich,4,0.9551456114889172,0.0,False,4.875081860062082,75.67621553765129
sd15_0197.png,sd15_rich,3,,0.6666666666666666,True,4.044663036822982,53.995754518270346
sd15_0203.png,sd15_rich,2,,0.5,True,1.7878076981471054,28.85990890492335
sd15_0204.png,sd15_rich,3,,1.0,True,4.337610449035012,48.35000868305244
sd15_0206.png,sd15_rich,2,0.3244891917145125,0.0,False,4.881420974479113,15.049064063964721
sd15_0207.png,sd15_rich,2,,0.5,True,1.7721964243381478,114.99983460400948
sd15_0208.png,sd15_rich,3,0.03298331116770292,0.3333333333333333,True,2.85738675497376,14.581088476375976
sd15_0210.png,sd15_rich,4,,1.0,True,2.8068470833088384,59.51057005596139
sd15_0213.png,sd15_rich,3,0.074109932737076,0.3333333333333333,True,5.841944958186602,69.66992225374797
sd15_0219.png,sd15_rich,2,,0.5,True,5.141319460639778,20.797833461794994
sd15_0220.png,sd15_rich,3,0.30257472053662227,0.0,False,2.9115035091234205,39.564591550843005
sd15_0221.png,sd15_rich,4,0.4654176288509193,0.25,True,2.796007880210496,74.08493690304914
sd15_0223.png,sd15_rich,4,,0.75,True,1.3506892112398816,69.3296506712103
sd15_0225.png,sd15_rich,3,0.030003816031210384,0.3333333333333333,True,5.0718367934667725,47.10360802907179
sd15_0229.png,sd15_rich,2,,0.5,True,1.3543695675210046,28.051811192446912
sd15_0237.png,sd15_rich,4,0.7560746866994181,0.5,True,70.17985929650631,20.879838446486623
sd15_0239.png,sd15_rich,4,0.4791101431754381,0.25,True,1.139295877993817,68.09786586165781
sd15_0242.png,sd15_rich,4,0.6245814272743146,0.0,False,8.428757538657862,87.73119005301916
sd15_0243.png,sd15_rich,2,,1.0,True,8.803350763572894,24.76127066825963
sd15_0244.png,sd15_rich,3,0.09432137811727248,0.3333333333333333,True,3.830705274207716,59.67360483875954
sd15_0245.png,sd15_rich,3,0.08681066323294306,0.0,False,5.6612208457479625,68.27381112863038
sdxl_0003.png,sdxl_rich,2,0.3550449188616671,0.0,False,3.7159633817542215,28.235952928913505
sdxl_0006.png,sdxl_rich,3,1.112269894545154,0.0,False,74.92181787996752,38.409521433945436
sdxl_0009.png,sdxl_rich,4,6.707957715434294,0.5,True,0.5996305829549442,47.93855921022249
sdxl_0011.png,sdxl_rich,3,1.7916519449231938,0.0,False,0.41587277156835967,52.19597111788987
sdxl_0012.png,sdxl_rich,3,0.3459454107470501,0.0,False,78.41169923416112,22.742011275196734
sdxl_0015.png,sdxl_rich,3,0.22627435575448818,0.0,False,2.2925339686647703,83.42109188949743
sdxl_0017.png,sdxl_rich,2,,0.5,True,0.224128359635813,77.83689469057833
sdxl_0018.png,sdxl_rich,3,,0.6666666666666666,True,0.804068518019804,43.449826438459695
sdxl_0019.png,sdxl_rich,2,,0.5,True,0.468250187571698,17.119565393269195
sdxl_0021.png,sdxl_rich,3,,0.6666666666666666,True,1.7094379464225824,95.49607311005754
sdxl_0022.png,sdxl_rich,3,0.10706223470969967,0.3333333333333333,True,4.739001441408433,22.203619832924733
sdxl_0023.png,sdxl_rich,2,1.401447974808793,0.0,False,0.28089667883736524,10.680005273130229
sdxl_0026.png,sdxl_rich,3,,1.0,True,5.289780809843066,13.483681089748757
sdxl_0027.png,sdxl_rich,4,,1.0,True,2.6825319741505496,86.47574061310067
sdxl_0028.png,sdxl_rich,2,0.17852789534594926,0.0,False,19.99157532019504,54.07775151681673
sdxl_0031.png,sdxl_rich,2,,1.0,True,2.404317502528116,43.24441105791315
sdxl_0033.png,sdxl_rich,3,0.07504248677114145,0.3333333333333333,True,1.198138823855885,60.87165228262615
sdxl_0037.png,sdxl_rich,3,,1.0,True,3.073638950039893,24.344244549775045
sdxl_0039.png,sdxl_rich,2,,0.5,True,1.9143064491768342,25.23315533194569
sdxl_0043.png,sdxl_rich,4,1.6375276029547,0.5,True,0.08864523535430635,32.08892050368861
sdxl_0044.png,sdxl_rich,2,0.145197922366882,0.0,False,19.038409696965644,28.559360448522973
sdxl_0045.png,sdxl_rich,4,,0.75,True,4.076239869391159,67.6760276268894
sdxl_0046.png,sdxl_rich,4,0.17542537637142086,0.0,False,3.6191001061354626,55.540061157082256
sdxl_0047.png,sdxl_rich,3,,0.6666666666666666,True,1.4387498199207727,89.02077713605838
sdxl_0049.png,sdxl_rich,2,,0.5,True,2.227884968462803,15.281032827538233
sdxl_0051.png,sdxl_rich,4,1.1841764657260363,0.25,True,6.264197136973024,31.55382409013493
sdxl_0053.png,sdxl_rich,2,,0.5,True,2.2555465899605025,51.572689744590825
sdxl_0055.png,sdxl_rich,4,1.4386059994461178,0.0,False,1.305390849489953,21.818403305496354
sdxl_0059.png,sdxl_rich,2,,0.5,True,1.4846545774379933,29.184076443228896
sdxl_0065.png,sdxl_rich,4,0.8334674912661546,0.0,False,0.29532211801983976,36.07317998036106
sdxl_0067.png,sdxl_rich,4,0.35757052051901006,0.0,False,1.9815639567125203,36.68284580920394
sdxl_0069.png,sdxl_rich,3,,1.0,True,5.4120243426702785,91.40160261309352
sdxl_0071.png,sdxl_rich,1,,0.0,False,0.674594949474411,22.132129685345635
sdxl_0075.png,sdxl_rich,3,1.9820678430663623,0.0,False,0.18693739791093833,33.90436070927804
sdxl_0079.png,sdxl_rich,2,,0.5,True,0.12743776531769413,10.64904895954983
sdxl_0082.png,sdxl_rich,4,0.5741254021313207,0.25,True,3.075115598185718,14.89550744733145
sdxl_0085.png,sdxl_rich,3,0.8534607692935641,0.0,False,1.0818577912551888,39.05074340934823
sdxl_0087.png,sdxl_rich,2,1.3000888545973588,0.0,False,0.6049536633257588,23.644715676951876
sdxl_0091.png,sdxl_rich,2,,0.5,True,4.23470943713086,56.21747122257881
sdxl_0092.png,sdxl_rich,4,0.27796251333065136,0.0,False,10.206665136640083,58.17627728422844
sdxl_0093.png,sdxl_rich,4,1.110557167864143,0.0,False,1.0154334998775028,39.137719831148324
sdxl_0095.png,sdxl_rich,3,0.28360424681501417,0.0,False,1.746844606195097,60.11154971945852
sdxl_0098.png,sdxl_rich,4,1.4358837564597113,0.0,False,4.151910090929377,29.75635727692694
sdxl_0101.png,sdxl_rich,3,0.044038652622209185,0.3333333333333333,True,0.5116350044100955,8.989854481985265
sdxl_0103.png,sdxl_rich,0,,,,0.7975844784717481,20.484643460891228
sdxl_0109.png,sdxl_rich,2,,0.5,True,0.46570978588039225,45.780594145931374
sdxl_0113.png,sdxl_rich,4,0.4355063641508137,0.5,True,3.1993198180362157,44.8918448774297
sdxl_0114.png,sdxl_rich,2,0.21057345473124478,0.0,False,3.5280344486325816,43.62223571897401
sdxl_0115.png,sdxl_rich,2,,0.5,True,0.8430684022733459,32.86550084374047
sdxl_0117.png,sdxl_rich,2,,0.5,True,0.6109570511001294,14.741327716579365
sdxl_0119.png,sdxl_rich,1,,1.0,True,4.977811823108212,54.836160017523426
sdxl_0123.png,sdxl_rich,3,,0.6666666666666666,True,1.0546106555297996,62.848099929244974
sdxl_0124.png,sdxl_rich,2,0.18322687611179056,0.0,False,0.7587648204344362,59.17364256365842
sdxl_0125.png,sdxl_rich,3,0.27241858096911997,0.3333333333333333,True,1.5484042877701114,32.05496022799574
sdxl_0127.png,sdxl_rich,3,0.4272466124610723,0.0,False,2.45890021520745,18.653018860556987
sdxl_0129.png,sdxl_rich,3,,0.6666666666666666,True,3.145777351424769,45.020850185698315
sdxl_0131.png,sdxl_rich,3,,0.6666666666666666,True,0.2523246693067307,33.446607140756534
sdxl_0133.png,sdxl_rich,2,0.2395044411621221,0.0,False,0.20284838170287856,77.63158922592493
sdxl_0139.png,sdxl_rich,2,,0.5,True,0.9911859185729668,76.18954256969502
sdxl_0140.png,sdxl_rich,2,0.055161894298009884,0.0,False,4.441176598486777,20.649573010854645
sdxl_0141.png,sdxl_rich,3,,0.6666666666666666,True,2.193759418757992,53.9467978359414
sdxl_0145.png,sdxl_rich,2,,0.5,True,2.103806177475022,64.67181676875832
sdxl_0147.png,sdxl_rich,3,,1.0,True,4.817246011286215,47.079026443635115
sdxl_0150.png,sdxl_rich,3,0.6295283655237149,0.0,False,5.324492963834942,45.516377640976
sdxl_0151.png,sdxl_rich,4,,1.0,True,1.1320822641465327,12.649343943567676
sdxl_0154.png,sdxl_rich,3,,1.0,True,1.9700175086331626,7.3352241702924355
sdxl_0155.png,sdxl_rich,4,0.12516287861840514,0.25,True,0.8944587154375796,34.8900830897551
sdxl_0156.png,sdxl_rich,3,0.03436207979770778,0.3333333333333333,True,8.252797313822398,22.622260872834683
sdxl_0159.png,sdxl_rich,2,,0.5,True,1.171871581444364,50.66890659234416
sdxl_0161.png,sdxl_rich,3,0.725804358946565,0.0,False,10.614376750803018,29.974494270366712
sdxl_0162.png,sdxl_rich,3,0.2850470487813599,0.0,False,78.99714319706908,46.36647144218327
sdxl_0163.png,sdxl_rich,2,,0.5,True,2.273593544444992,35.69304892386493
sdxl_0165.png,sdxl_rich,4,0.10239265738095593,0.25,True,1.4997185720247614,19.974488438452173
sdxl_0167.png,sdxl_rich,2,,0.5,True,0.7427321598966188,17.10653704367559
sdxl_0171.png,sdxl_rich,4,1.760490550556118,0.25,True,9.063199253377519,68.26112806152217
sdxl_0172.png,sdxl_rich,2,0.3014756453226317,0.0,False,54.58089101861467,61.42777096197606
sdxl_0173.png,sdxl_rich,2,1.552144017158751,0.0,False,0.07898897376921354,42.05267114813125
sdxl_0174.png,sdxl_rich,3,0.16118828243961492,0.0,False,2.274453125749133,65.46098633371015
sdxl_0175.png,sdxl_rich,2,0.2895403447063387,0.0,False,1.8453585484058408,70.42045255580268
sdxl_0181.png,sdxl_rich,3,3.2108429445518887,0.0,False,0.08504701992912089,91.0923944451441
sdxl_0183.png,sdxl_rich,2,,0.5,True,0.3400164410755053,12.289220348574869
sdxl_0184.png,sdxl_rich,2,,0.5,True,1.737421660949238,45.67067376083219
sdxl_0187.png,sdxl_rich,2,3.0138684807658898,0.0,False,0.3683245171322511,22.376879754684804
sdxl_0190.png,sdxl_rich,4,0.15725263543763734,0.0,False,4.937168831175683,24.924071780854753
sdxl_0192.png,sdxl_rich,2,0.43126756833762503,0.0,False,2.7330457657251657,9.186283781042945
sdxl_0193.png,sdxl_rich,2,0.5294641062628678,0.0,False,0.3650673769027861,41.042317036517716
sdxl_0196.png,sdxl_rich,4,,0.75,True,48.53352378166801,33.79178760077371
sdxl_0197.png,sdxl_rich,4,0.6768431221483411,0.0,False,5.998017179119003,67.31146898642231
sdxl_0198.png,sdxl_rich,4,0.15704278629294155,0.25,True,2.732152590257016,26.862909507791255
sdxl_0203.png,sdxl_rich,2,,0.5,True,0.867595212204705,30.56299392635268
sdxl_0205.png,sdxl_rich,2,,0.5,True,2.0082080946527157,19.8917068958058
sdxl_0207.png,sdxl_rich,2,,1.0,True,2.0978797995090446,73.01558207733954
sdxl_0209.png,sdxl_rich,4,,1.0,True,2.0493374113413694,34.22757533167708
sdxl_0211.png,sdxl_rich,4,,1.0,True,9.460236700883556,31.276852531212754
sdxl_0212.png,sdxl_rich,4,0.5015824309683516,0.5,True,43.10634114949172,19.427246226326396
sdxl_0213.png,sdxl_rich,4,1.16719739830973,0.5,True,0.9680537740889577,96.36920144997703
sdxl_0214.png,sdxl_rich,2,0.05054571252383333,0.0,False,74.49377641505735,44.39728785367118
sdxl_0215.png,sdxl_rich,3,,0.6666666666666666,True,1.5889705363564985,15.696169222195666
sdxl_0219.png,sdxl_rich,4,,1.0,True,0.5325611950512581,50.63178248818466
sdxl_0220.png,sdxl_rich,2,0.11310764139269303,0.0,False,1.5467143016390565,31.94022209619964
sdxl_0221.png,sdxl_rich,2,0.543473757527269,0.0,False,1.378090370885161,77.60791131130442
sdxl_0225.png,sdxl_rich,2,0.06839244736107641,0.0,False,1.2242799417141867,43.451926427733135
sdxl_0227.png,sdxl_rich,2,0.2584475178923489,0.0,False,4.32561725512825,38.663846409242346
sdxl_0229.png,sdxl_rich,3,0.018766965376711298,0.3333333333333333,True,3.54103735853289,90.87542285197209
sdxl_0231.png,sdxl_rich,3,,1.0,True,1.241606512741157,26.457956165598148
sdxl_0235.png,sdxl_rich,2,,0.5,True,0.029591653788813232,8.174978438240482
sdxl_0237.png,sdxl_rich,3,0.04619528920517624,0.3333333333333333,True,3.3023792900092843,24.464920868098385
sdxl_0241.png,sdxl_rich,4,0.470820674899878,0.0,False,2.7590705564710447,68.84669105981804
sdxl_0242.png,sdxl_rich,2,0.3990927481703661,0.0,False,1.4667590383888296,36.19524014949938
sdxl_0243.png,sdxl_rich,4,1.0103068045750723,0.5,True,0.4857687179783312,24.97858526735631
sdxl_0245.png,sdxl_rich,4,0.2968863048187229,0.0,False,8.870531715929872,88.92099129447823
sdxl_0247.png,sdxl_rich,2,0.21427819331080222,0.0,False,0.8323413201905367,16.947933081873426
flux_0000.png,flux_rich,3,0.8528862427372408,0.0,False,48.507150241957774,19.862490523058444
flux_0001.png,flux_rich,3,0.32019296140801146,0.0,False,2.2404543643839645,61.478595688797114
flux_0004.png,flux_rich,3,0.024629361386685922,0.3333333333333333,True,0.9889319404945098,54.601599914547535
flux_0005.png,flux_rich,4,1.699392066647757,0.25,True,0.3716267330154608,67.94626643310022
flux_0007.png,flux_rich,3,0.13185028224688633,0.3333333333333333,True,0.6146436674015803,97.88485270638895
flux_0010.png,flux_rich,4,1.89417936655697,0.25,True,80.49078987605276,76.90499894063855
flux_0011.png,flux_rich,3,0.10355598111721598,0.3333333333333333,True,0.8427401056944177,55.60681920247237
flux_0012.png,flux_rich,3,0.5482811560411625,0.3333333333333333,True,0.6322467912070238,73.42620518223796
flux_0013.png,flux_rich,2,1.0127858217664025,0.0,False,0.4771067640358808,44.25190622360353
flux_0014.png,flux_rich,2,0.04965526359180661,0.0,False,3.2514980299716285,77.68000673976523
flux_0015.png,flux_rich,3,0.06646225330349687,0.0,False,0.226757007381039,61.48479529988071
flux_0016.png,flux_rich,2,0.08847275056789616,0.0,False,2.57970631785669,47.13183477191199
flux_0017.png,flux_rich,3,0.3365795834106926,0.0,False,2.3909454290287897,61.88997610342885
flux_0018.png,flux_rich,2,0.006209775803445616,0.0,False,6.2689726844698725,74.07749328883669
flux_0019.png,flux_rich,2,,0.5,True,0.30605653691539203,49.93016507737323
flux_0021.png,flux_rich,3,0.1389131381450941,0.3333333333333333,True,1.135563501061597,73.05612965444564
flux_0022.png,flux_rich,3,0.7711545332087182,0.0,False,5.306917836087422,46.34315475742973
flux_0023.png,flux_rich,2,1.323569708032096,0.0,False,1.0846046802654712,66.0898002782591
flux_0024.png,flux_rich,2,0.37369385036825786,0.0,False,2.3423970837143315,50.378710223956254
flux_0026.png,flux_rich,4,2.136060969777562,0.0,False,2.5854253334027533,68.02508063471188
flux_0027.png,flux_rich,4,,0.75,True,7.611624638403015,139.94431315998392
flux_0028.png,flux_rich,4,0.6636809712557374,0.25,True,13.515069498729375,23.25690388073039
flux_0029.png,flux_rich,4,0.6410279550979618,0.5,True,0.860766319789775,61.44022880078813
flux_0030.png,flux_rich,2,0.00482692623137293,0.0,False,0.9679433224383871,72.07602210361294
flux_0031.png,flux_rich,3,0.12538916018897162,0.0,False,1.917075436845991,81.04147271384765
flux_0032.png,flux_rich,3,0.03252229088858982,0.0,False,78.24072950153376,37.006775151036834
flux_0033.png,flux_rich,2,,0.5,True,0.14808652081440243,31.941822534942226
flux_0034.png,flux_rich,4,1.2458668006644844,0.5,True,2.441149526075094,49.28942375692648
flux_0035.png,flux_rich,2,,0.5,True,0.4240062589558846,55.87751783823815
flux_0037.png,flux_rich,2,0.594426407116881,0.0,False,0.38547839878414436,55.381531355910596
flux_0038.png,flux_rich,4,0.7844100350760206,0.25,True,42.8349689619809,47.64891476861042
flux_0039.png,flux_rich,4,0.38566432895537517,0.0,False,0.36188255242842615,49.7625785286711
flux_0040.png,flux_rich,2,0.6704769169626275,0.0,False,0.4411644410521376,62.049331108577825
flux_0042.png,flux_rich,4,0.16633342435609322,0.25,True,7.221337179703241,59.38315340603704
flux_0043.png,flux_rich,2,,0.5,True,7.652498720540208,130.66798881621142
flux_0044.png,flux_rich,2,0.035288884510093155,0.0,False,0.39270703613694025,61.89571204446841
flux_0046.png,flux_rich,3,0.04624131158095235,0.0,False,5.001814787171625,87.52340572271876
flux_0047.png,flux_rich,3,0.24234641306031257,0.0,False,0.1597690826951208,51.527992199131745
flux_0048.png,flux_rich,3,0.11057217175867162,0.0,False,12.190448657783264,60.3475875729161
flux_0049.png,flux_rich,2,,1.0,True,1.0843929626985016,34.845658105355945
flux_0050.png,flux_rich,4,,0.75,True,5.060479139220973,103.03017542556202
flux_0051.png,flux_rich,4,0.8508120457091959,0.25,True,0.2566799672705997,56.94550357151591
flux_0052.png,flux_rich,3,0.016625406126245856,0.3333333333333333,True,1.1439284212281535,59.147045206489835
flux_0053.png,flux_rich,3,,0.6666666666666666,True,1.233438560387782,86.73212323119449
flux_0054.png,flux_rich,2,0.05923898318965559,0.0,False,1.0688346969290876,70.84968469771906
flux_0055.png,flux_rich,3,0.8681650998605068,0.3333333333333333,True,0.24708468616617552,81.98875363587224
flux_0056.png,flux_rich,3,0.05586921317780735,0.3333333333333333,True,1.2625157335493782,61.840308925263244
flux_0058.png,flux_rich,4,,0.75,True,33.28157090345694,33.546279686474605
flux_0059.png,flux_rich,4,0.3253659651626455,0.5,True,1.5202406287437498,47.036570346332965
flux_0060.png,flux_rich,4,0.09562876599177272,0.25,True,4.8681284377039304,68.32779700702025
flux_0061.png,flux_rich,3,0.9580191935067734,0.0,False,0.08305820419955978,40.50324752992206
flux_0062.png,flux_rich,3,0.041487406749531,0.3333333333333333,True,0.59481038747181,58.61355081562319
flux_0063.png,flux_rich,2,0.1559612506945527,0.0,False,1.338916860231592,43.61309889595837
flux_0064.png,flux_rich,3,0.023321462607074572,0.3333333333333333,True,2.3317615441596757,55.3573364214246
flux_0066.png,flux_rich,2,0.03326467122736876,0.0,False,2.549768365984363,88.58588183035393
flux_0067.png,flux_rich,2,,0.5,True,0.5967035691304972,60.127217138832215
flux_0069.png,flux_rich,2,,0.5,True,1.0622529496324375,88.31147418402422
flux_0071.png,flux_rich,2,,0.5,True,0.6154826179763688,31.146570706867134
flux_0072.png,flux_rich,2,0.021176983336409272,0.0,False,1.0291323314969674,65.68290364625408
flux_0074.png,flux_rich,4,0.04485698372790292,0.5,True,9.70506970910347,71.8480195079095
flux_0075.png,flux_rich,4,2.565171137712077,0.25,True,0.7708807216852307,70.42007985608149
flux_0076.png,flux_rich,3,0.036616841914381304,0.3333333333333333,True,0.7419238907171319,75.54469487602007
flux_0078.png,flux_rich,3,0.10540733571038619,0.0,False,2.611265452598147,66.26147457432822
flux_0079.png,flux_rich,3,0.7875276203987873,0.0,False,0.46746575437886406,61.30756423355265
flux_0080.png,flux_rich,3,0.04346300226028088,0.3333333333333333,True,5.994370517345189,53.73747547278898
flux_0082.png,flux_rich,4,0.28804987503123325,0.0,False,2.93075201326441,70.40595069084694
flux_0083.png,flux_rich,2,2.985799193299189,0.0,False,1.1836809979703844,61.95764005000106
flux_0085.png,flux_rich,2,,0.5,True,0.7599806525378625,61.392612113772394
flux_0086.png,flux_rich,3,0.15616793749529734,0.0,False,3.1360003927521944,67.92662970171365
flux_0087.png,flux_rich,2,0.912785404788341,0.0,False,0.1462762984559447,49.0247117011088
flux_0088.png,flux_rich,2,0.04604633485830778,0.0,False,0.147672368034776,42.4340675481804
flux_0090.png,flux_rich,4,1.8601741900135336,0.0,False,2.8579432797672126,59.72911709215661
flux_0091.png,flux_rich,4,0.6888560404599664,0.25,True,0.6139435867432326,56.90268648469678
flux_0092.png,flux_rich,3,1.4239640261712188,0.0,False,0.9055595246744303,70.98691514955419
flux_0093.png,flux_rich,4,0.1313779821234693,0.5,True,0.3554786758021322,62.96062427575441
flux_0094.png,flux_rich,4,0.20838694903956423,0.0,False,20.19787303809072,96.07979415583922
flux_0095.png,flux_rich,3,0.5370697749784874,0.0,False,0.4578173883024448,70.59402749831249
flux_0096.png,flux_rich,2,0.020615265382234682,0.0,False,2.4990105502970863,52.8169054491627
flux_0097.png,flux_rich,2,0.18640362335120653,0.0,False,2.583337146326869,67.14402464098512
flux_0098.png,flux_rich,2,0.10068899538015685,0.0,False,2.4753037940065497,65.92824691060872
flux_0099.png,flux_rich,2,,0.5,True,0.43305286742348414,43.700486392383425
flux_0101.png,flux_rich,2,0.6513393232830218,0.0,False,1.4493865090057625,72.49764432818047
flux_0102.png,flux_rich,3,0.4637042172020056,0.0,False,17.845827872043543,30.25261231568708
flux_0103.png,flux_rich,2,1.010672127231964,0.0,False,0.8244349797699329,57.95187929877957
flux_0104.png,flux_rich,2,0.0015821950253238626,0.0,False,0.16195323075932322,68.64413670307177
flux_0106.png,flux_rich,3,0.07787131872551267,0.3333333333333333,True,2.788995880940604,84.38490688512371
flux_0107.png,flux_rich,3,0.4263553989240485,0.3333333333333333,True,8.63935470827117,107.1548406976565
flux_0108.png,flux_rich,3,0.19640995917588988,0.0,False,1.3188080615841642,61.45441320979009
flux_0110.png,flux_rich,2,0.030077303443939662,0.0,False,1.308811263043765,64.30710957276816
flux_0111.png,flux_rich,3,0.1583567432185582,0.3333333333333333,True,2.070439864142287,60.29964924438802
flux_0112.png,flux_rich,3,0.25842353774651183,0.0,False,10.61253661423109,37.91421131779773
flux_0113.png,flux_rich,2,,0.5,True,0.3461256944517146,23.930562687291822
flux_0115.png,flux_rich,3,,0.6666666666666666,True,0.17989473277108914,55.07221461187216
flux_0116.png,flux_rich,2,0.002125802515644537,0.0,False,9.315736946976386,53.379355424820226
flux_0117.png,flux_rich,4,0.04854520285836372,0.5,True,0.8061659288610059,65.89735808006581
flux_0118.png,flux_rich,4,0.6588121505989086,0.0,False,50.81464114030311,45.553889483818736
flux_0120.png,flux_rich,2,,0.5,True,8.197377232019875,15.25504499771247
flux_0122.png,flux_rich,4,1.9154556301128736,0.0,False,2.8453079447720313,52.28297651152247
flux_0123.png,flux_rich,3,,0.6666666666666666,True,7.543412302350845,142.89442634596512
flux_0124.png,flux_rich,4,0.19928153844007213,0.0,False,2.806797588370074,69.63481320314119
flux_0126.png,flux_rich,2,0.09478012025385141,0.0,False,2.7006525223491735,63.94288612709619
flux_0127.png,flux_rich,3,0.020519223887323967,0.3333333333333333,True,1.160632760612586,56.320262450467844
flux_0128.png,flux_rich,3,2.364791494245929,0.0,False,4.124442995228904,58.35036802802495
flux_0130.png,flux_rich,4,0.1341919904563067,0.25,True,0.5895037302674382,69.55830983697045
flux_0131.png,flux_rich,3,0.010695779138211847,0.3333333333333333,True,0.9012499303787536,57.14409028838476
flux_0133.png,flux_rich,4,0.023206620260109112,0.5,True,0.3996660369348035,88.83267120426498
flux_0134.png,flux_rich,3,0.5455123873650818,0.0,False,39.71260175796962,39.781145567500204
flux_0135.png,flux_rich,3,0.510744094827313,0.3333333333333333,True,0.7133658627906811,78.37708519023515
flux_0136.png,flux_rich,2,0.13835399003066762,0.0,False,3.1108893472073333,56.76988275031426
flux_0138.png,flux_rich,3,0.019637619322844913,0.3333333333333333,True,65.68294406391018,47.942381616789504
flux_0139.png,flux_rich,4,0.5109649004549777,0.5,True,0.9173668207837409,81.35156472660415
flux_0140.png,flux_rich,2,0.04386353534433063,0.0,False,0.8022479720672209,70.2319897031147
flux_0141.png,flux_rich,3,0.03243685539651153,0.3333333333333333,True,0.2745369554967425,74.77159398139925
flux_0142.png,flux_rich,3,0.09497969502967418,0.3333333333333333,True,10.960725924130529,54.340324447906184
flux_0143.png,flux_rich,3,0.005457069465365727,0.3333333333333333,True,2.634403089137294,49.55714564927599
flux_0144.png,flux_rich,3,0.2353117331843304,0.0,False,0.7712439429850946,44.694332776025604
flux_0145.png,flux_rich,2,,0.5,True,1.7911665809389348,86.76785320777445
flux_0146.png,flux_rich,4,0.6317219691946088,0.25,True,0.7781798819121377,76.26054558711671
flux_0147.png,flux_rich,4,0.2697404442682654,0.25,True,0.35412084506148744,57.898512536606574
flux_0149.png,flux_rich,2,0.7840274069372182,0.0,False,0.37198519873543034,33.25916940573123
flux_0150.png,flux_rich,3,0.2902389823778071,0.0,False,6.282123631881632,65.29763737151335
flux_0151.png,flux_rich,3,0.6115628775086526,0.0,False,0.3275083726092731,54.54674735640299
flux_0152.png,flux_rich,2,0.01299142094685557,0.0,False,2.730847349983989,85.89071270299281
flux_0154.png,flux_rich,4,0.1599242747280316,0.25,True,0.25871813578807235,68.70261892086647
flux_0155.png,flux_rich,4,2.9446748023582954,0.25,True,0.29576622935393004,85.07082595429513
flux_0156.png,flux_rich,2,0.4629771276536996,0.0,False,0.6389129427122953,64.9619780594627
flux_0157.png,flux_rich,2,0.560452266180099,0.0,False,0.38275007531514404,67.69048961336601
flux_0158.png,flux_rich,3,0.1523860098965404,0.0,False,2.834466217848373,67.85439431815989
flux_0159.png,flux_rich,3,0.4075531509488579,0.0,False,0.3895529727800948,62.74183685803279
flux_0160.png,flux_rich,3,0.03461346378898256,0.3333333333333333,True,3.720932124804648,60.99657251328247
flux_0161.png,flux_rich,2,0.8113891067466792,0.0,False,0.7978152072382301,47.00942686971319
flux_0163.png,flux_rich,4,1.6841479727260715,0.5,True,1.6890116541976425,44.66479130866402
flux_0165.png,flux_rich,2,0.3350971603563764,0.0,False,0.48065083336290115,62.64184722533722
flux_0166.png,flux_rich,2,0.20555055148761614,0.0,False,48.79135529751307,54.64065960987317
flux_0167.png,flux_rich,4,0.6277520466974122,0.25,True,0.5298157797383709,69.00668279378426
flux_0171.png,flux_rich,4,2.6283546792797527,0.25,True,0.5358755938512161,79.28650011812914
flux_0172.png,flux_rich,2,0.3642164649526398,0.0,False,1.1009484415288853,60.815316195755976
flux_0174.png,flux_rich,3,0.12276967283909368,0.0,False,2.2716189271299783,65.19292619634568
flux_0175.png,flux_rich,2,0.08259832225823516,0.0,False,1.6736753875287178,68.99879667484058
flux_0176.png,flux_rich,4,0.18307236479845201,0.0,False,9.582439507351168,70.08999836438176
flux_0177.png,flux_rich,2,1.9580718946616447,0.0,False,0.4843143840157751,13.799183862167638
flux_0178.png,flux_rich,2,0.9594696395259259,0.0,False,0.22675027752022459,77.097771839149
flux_0179.png,flux_rich,3,3.4994426563726533,0.0,False,0.26064628874189566,50.24323834397561
flux_0181.png,flux_rich,3,,1.0,True,0.9493930119867855,20.78957981532771
flux_0182.png,flux_rich,4,0.34965599869460107,0.0,False,72.81177070828576,42.320034851621635
flux_0183.png,flux_rich,2,1.3378023026267254,0.0,False,0.7095058706384947,58.754588764026046
flux_0186.png,flux_rich,2,0.029441629453200946,0.0,False,2.357227328849163,69.70912248396354
flux_0187.png,flux_rich,3,2.3705831677738063,0.0,False,11.760992767670771,114.16105211277694
flux_0188.png,flux_rich,2,0.03649038246052516,0.0,False,0.6980762157773199,61.91919898009044
flux_0190.png,flux_rich,3,0.1258931271730921,0.0,False,1.4111282143471584,73.93454753945535
flux_0191.png,flux_rich,3,0.10748823451195655,0.3333333333333333,True,1.1477496625537498,51.54382797468453
flux_0192.png,flux_rich,4,0.15991351056239633,0.0,False,7.181007917029547,68.05190548411325
flux_0194.png,flux_rich,4,3.8118965253336246,0.5,True,0.5762277033648218,67.62899710103194
flux_0195.png,flux_rich,3,,0.6666666666666666,True,0.28376045939465655,52.9842053639891
flux_0197.png,flux_rich,3,0.17570096138756952,0.3333333333333333,True,0.31713490410130873,62.194505860799936
flux_0199.png,flux_rich,2,,0.5,True,0.9303250560281384,50.791737127807394
flux_0200.png,flux_rich,2,0.03206774117348754,0.0,False,0.20583662806930647,59.31892441381311
flux_0202.png,flux_rich,4,0.05276895859558817,0.5,True,81.43474178577208,57.8981811301511
flux_0203.png,flux_rich,4,,0.75,True,6.90784235093345,131.2886018481319
flux_0204.png,flux_rich,2,0.03570337405788493,0.0,False,0.6264183456406869,56.113518325736884
flux_0205.png,flux_rich,3,3.57716700037998,0.0,False,0.2339984581551846,92.21342048631193
flux_0206.png,flux_rich,2,0.00476472831458441,0.0,False,3.190327109014831,61.37530368544494
flux_0207.png,flux_rich,3,0.10853982004172824,0.3333333333333333,True,0.581335713997646,55.46432811469886
flux_0208.png,flux_rich,2,0.01568021725505364,0.0,False,6.376979656424652,70.56502381801863
flux_0209.png,flux_rich,2,,0.5,True,0.33186544701339926,26.13658849939977
flux_0210.png,flux_rich,2,0.02585013707370898,0.0,False,0.5396306317031048,79.13190909204626
flux_0213.png,flux_rich,3,0.11762902565412237,0.3333333333333333,True,0.5313009428301569,72.72176271979818
flux_0214.png,flux_rich,4,0.5830009821742825,0.25,True,68.04917466449989,35.605356161101916
flux_0215.png,flux_rich,3,0.30747368302060885,0.3333333333333333,True,0.9027739808054207,43.45077596132745
flux_0216.png,flux_rich,2,0.14196919303334532,0.0,False,4.166860793516051,12.232165699310645
flux_0218.png,flux_rich,4,0.08169308279508325,0.5,True,6.04558796793728,56.7436219375634
flux_0219.png,flux_rich,2,,0.5,True,1.559423086651762,64.84516590730715
flux_0220.png,flux_rich,3,0.0804875010151056,0.0,False,2.1060653292739744,68.36131853567935
flux_0222.png,flux_rich,3,0.06979338859701656,0.3333333333333333,True,5.140532728600419,71.8338034158622
flux_0223.png,flux_rich,3,0.053641047046905754,0.3333333333333333,True,0.6578029038234519,71.9994660714392
flux_0224.png,flux_rich,2,0.010585985865997571,0.0,False,8.73525463738433,88.6853261254551
flux_0225.png,flux_rich,2,1.1178848761064497,0.0,False,1.5019487758787875,40.44514082581669
flux_0226.png,flux_rich,2,0.21362220081561567,0.0,False,0.5284304748852122,74.34840312961579
flux_0227.png,flux_rich,2,,0.5,True,1.0223634262770105,64.12661146048808
flux_0228.png,flux_rich,3,0.02617469968429642,0.3333333333333333,True,0.4619297986850057,66.25427763439299
flux_0229.png,flux_rich,3,0.1368889324999243,0.3333333333333333,True,0.6312993606014317,48.039026265492886
flux_0231.png,flux_rich,2,,0.5,True,0.8452564787964292,77.52212004611133
flux_0233.png,flux_rich,4,1.5097980626204572,0.25,True,85.03181260206945,115.46720216867583
flux_0234.png,flux_rich,4,2.971687283553778,0.25,True,6.4389563555615865,65.74125145800045
flux_0235.png,flux_rich,2,0.7417315351094889,0.0,False,1.4661338048686048,71.05537771673664
flux_0236.png,flux_rich,2,0.04620500231632896,0.0,False,3.4717788229405215,64.13119312721727
flux_0237.png,flux_rich,2,,0.5,True,0.8660283565857583,75.98181185803416
flux_0238.png,flux_rich,2,0.0046244795608068046,0.0,False,5.48922105540538,62.25621262648862
flux_0239.png,flux_rich,2,0.33705763674544276,0.0,False,0.2575978808442585,53.931486547967054
flux_0240.png,flux_rich,3,0.12258571139956675,0.0,False,1.1592525467884087,48.37093553990038
flux_0242.png,flux_rich,4,0.07351857690527108,0.25,True,3.1200940374971537,105.88099408566426
flux_0244.png,flux_rich,2,0.011763173269789817,0.0,False,4.06747713246223,53.75823171077996
flux_0245.png,flux_rich,3,0.386774212017035,0.0,False,0.768963402619292,61.850194279249045
flux_0246.png,flux_rich,4,0.7080369541527123,0.25,True,67.11512403169837,44.78526736015809
