set,obtuse,max_angle,f_ppfree,hfov_ppfree,pp_offset,ortho_centred
yorkurban,False,81.21804936157262,676.306901408155,50.64309000818878,0.033560378215488226,1.0544933678497586
yorkurban,False,87.86504168423289,612.215327747696,55.19140920449626,0.16146866000961413,1.0694147292017817
yorkurban,False,89.21008895227173,626.9665341404192,54.07899342571683,0.06864047949310571,0.12401846404276284
yorkurban,False,89.41218527846102,668.3321835471753,51.17055479439869,0.06353364547002371,0.7872560101469475
yorkurban,True,90.11671523580046,,,,0.8492707493099942
yorkurban,False,85.66221800242486,668.2993062151908,51.172750582832954,0.027172744084760156,0.6027877748836374
yorkurban,False,86.28935241790424,690.6729886430008,49.71810929763342,0.01767349899833489,0.842664880622749
yorkurban,False,88.19387498516136,757.7963487721598,45.786434570553126,0.14687028666688023,0.43135658520002096
yorkurban,False,89.31574668770136,687.4482856287509,49.92297255255692,0.019156432104121324,0.8601079971290915
yorkurban,False,89.39116073972222,694.8805574867093,49.453161693103496,0.022636330859729353,0.3297764178763316
yorkurban,False,89.50948013462174,576.512711433937,58.0659354503845,0.17376267155091152,1.7911504830329363
yorkurban,True,168.45622470465332,,,,68.27049704389529
yorkurban,False,88.13782451233158,697.9437216455126,49.26193533310151,0.030099134043909098,0.6902984056586661
yorkurban,False,84.06590274062314,1163.7083531281276,30.75069010923123,1.1236105981069826,14.475914500688475
yorkurban,True,179.89705484478108,,,,65.07169044772414
yorkurban,False,81.05599350499861,686.5812963998044,49.978321588169024,0.06258774118735351,0.9255546027403057
yorkurban,True,90.03013218312928,,,,5.680878947172147
yorkurban,False,85.18475862128403,625.5517886154303,54.183881634684525,0.055129652510148335,1.5709633950640836
yorkurban,False,89.9086337115832,433.0929167693525,72.91927547824339,0.05042062318152765,1.170013360437423
yorkurban,False,89.94338012425767,1103.1128737573806,32.3536380520635,0.06646270342454469,0.511113896610226
yorkurban,False,89.21971366938934,669.6727845011295,51.08116912854873,0.0686932295791064,1.1793138489959603
yorkurban,False,87.05061391185203,688.3149872084354,49.867756450677604,0.028035513245738216,1.318573372435381
yorkurban,False,88.15358430950853,665.7465539586972,51.343780172201846,0.06664048384251164,0.17381264675053387
yorkurban,False,89.8454194835781,519.2313576527364,63.290690713531795,0.07447514277789828,0.2980141152394964
yorkurban,False,83.44444650742108,687.5610939795841,49.91577924448455,0.020114807035836856,0.6554605052490103
yorkurban,False,89.19711385293535,643.1832752550195,52.9030209344906,0.010383784624070943,0.1747235050311957
yorkurban,False,89.75197470761883,630.0771196544105,53.849692476554345,0.059548041347135684,0.9989952661707378
yorkurban,False,89.22936495743568,603.9684102773265,55.831883521597746,0.16144921637604032,0.35978804152108523
yorkurban,False,89.53684165906509,1134.1222698074653,31.513518401268215,0.16403027873746578,0.6440996214185617
yorkurban,False,89.72842735501631,661.033965237235,51.662329305435655,0.006892407755579814,0.45716630740473363
yorkurban,True,90.02199393863644,,,,0.38971842098534637
yorkurban,False,89.63503377217921,685.3754901519634,50.055492072271456,0.007663340274838853,0.026632166191546958
yorkurban,False,89.51358541320367,694.8296758780103,49.45634986393786,0.015865555424808633,0.8034388892816651
yorkurban,False,89.50836684787069,936.6311854190484,37.72546001201978,0.12075647480279232,0.8378603864091332
yorkurban,False,87.55441743200468,654.1694715181485,52.13297527705413,0.06635882083184919,0.6745174641802549
yorkurban,True,90.26328296810163,,,,0.4754429796117705
yorkurban,False,88.59260217580665,790.6646690132675,44.06860122227859,0.0556422362234433,0.44913309413112756
yorkurban,False,89.7212447161502,1071.6234638171356,33.252549261447705,0.2831733750029216,0.39587222670442657
yorkurban,False,89.4018732654654,759.7151758488445,45.68267251420291,0.24480814010178847,0.9946685687088035
yorkurban,False,89.72756215505368,1021.8778315525844,34.7757879769242,0.19245709071060235,0.6601472066489436
yorkurban,False,87.36392489004008,641.2569368246269,53.04022212087832,0.09545141813935207,1.1210005565613557
yorkurban,False,89.16389454723414,607.94619712939,55.52126082663507,0.08225208004814161,0.47969185819309246
yorkurban,False,89.36886602556828,622.9501013276538,54.37775355386714,0.05809318877618758,0.6267439380313391
yorkurban,False,89.04145811269883,692.965825482225,49.57340219670051,0.03460131730464801,1.2271688290362448
yorkurban,False,89.12651630033434,696.533609956728,49.349792889344165,0.01644488783052651,0.5161789715466796
yorkurban,False,89.27582318611587,674.8633889438107,50.737812948653534,0.05194786164193919,1.3748314513178883
yorkurban,True,90.08188220970248,,,,0.5860667128353754
yorkurban,True,90.3993467149649,,,,0.8837037840241351
yorkurban,False,87.62518468431686,704.2821529405727,48.87061417918475,0.14156105948067177,0.42423904963011694
yorkurban,False,89.1091227622015,656.6816636300472,51.95981075327601,0.04110926363181622,0.20316272277565872
yorkurban,False,81.59056217150976,689.0278885346529,49.822424335199145,0.03395053078989411,0.8822881603104378
yorkurban,False,81.61054946562345,710.4639096710249,48.49454871459419,0.15043578054498866,2.305068170786271
yorkurban,False,84.39132950900563,669.4099057132374,51.09867381878916,0.1090407834553932,1.3155437240937573
yorkurban,False,78.72790496967087,676.3860104876572,50.637908436628024,0.030738230940940282,0.5785911667598782
yorkurban,False,81.93780628060506,672.4284983848644,50.89834170199591,0.038182962315486256,0.6472214572614234
yorkurban,False,85.31255783454897,661.7259543192606,51.6153236434475,0.022618296077954462,0.596288436293662
yorkurban,False,88.18699230212533,643.089739399637,52.90966769991118,0.034811094411919916,0.5449065875024104
yorkurban,False,85.83206300235852,678.9510858566779,50.47043350961661,0.05069905955368474,0.5451906364720998
yorkurban,False,86.18566289334885,677.9931897506463,50.53285374028895,0.05325857441153947,0.20849815245848902
yorkurban,False,85.94081785965638,671.9695342870054,50.92870678419287,0.03794503755727396,0.34097184604588904
yorkurban,False,86.45907075771686,774.6804113349042,44.88845201234975,0.12425028808095209,2.8261116017088455
yorkurban,False,88.00518759431726,650.3369060261541,52.39922973427708,0.047918578346694565,1.2930966000388935
yorkurban,False,82.36703561728673,685.3857672763007,50.05483340377642,0.023672016105010848,0.7491701954288317
yorkurban,False,81.43741862450966,737.194672828768,46.929209663563164,0.10039705679455756,1.5744686527522873
commons,True,176.0857708078587,,,,87.60370773851301
commons,True,160.0284170060441,,,,69.795579049086
commons,False,87.7237512865689,665.9052953618392,51.33311372857699,0.048920555010461414,2.328230689108807
commons,False,78.42368954001532,457.46951755693533,69.94559000920343,0.06806635139578515,2.157570419443772
commons,True,165.93565638109615,,,,57.59934181528754
commons,True,99.96587991967121,,,,83.94119763157732
commons,True,110.97939605711665,,,,68.80149871315648
commons,False,89.01027781263656,1823.9070612346927,19.90224719163972,0.6334388956308864,11.659606200715345
commons,True,114.24513534039156,,,,87.44886000800747
commons,True,179.4967500919578,,,,31.280556444629916
commons,True,178.65110431566123,,,,47.13457867876968
commons,True,94.34439997581082,,,,20.74119778004328
commons,False,82.23126753359378,506.2357945567014,64.59531229664675,0.08490870698899194,4.7894489706956875
commons,False,89.71363706533292,1863.9519880994037,19.4829492731649,0.586253425430239,0.279899930073654
commons,True,102.31490587921625,,,,85.65617405156641
commons,True,107.00673183357341,,,,69.50591768061308
commons,True,138.01979736332703,,,,86.95725896201604
commons,True,153.31413742279508,,,,87.89074758770823
commons,True,123.1436162327998,,,,87.4535034889444
commons,True,126.18946805917535,,,,85.30827891550523
commons,False,86.31758350990802,494.5652035290137,65.80839877755399,0.09257138685080166,3.9348298178848466
commons,False,79.0626388447031,581.9329437067034,57.61204454538561,0.05621909498683413,2.8163204513198963
commons,True,154.74443909675298,,,,86.92018141559427
commons,True,164.63160315200957,,,,82.23666342392065
commons,False,70.78381208641218,486.48840388544625,66.67185291965913,0.40978651090512713,15.97954626101469
commons,True,123.23819166575026,,,,86.62626143749343
commons,True,114.66958286316803,,,,86.65142892344741
commons,True,159.98512897152023,,,,86.31064851269464
commons,False,70.24981013470453,144.3979423331908,131.4260592477205,0.16815426157147523,29.446059108716206
commons,True,93.06681696959826,,,,6.002651366017744
commons,True,91.88119563107527,,,,3.3445821129000564
commons,True,166.04614016447422,,,,87.32262150673317
commons,True,179.30362272550454,,,,51.383414329402356
commons,False,81.17758776870556,416.6907317519624,75.04532819185445,0.11490928453420268,7.553728459756513
commons,False,76.61566257954955,448.12447081851155,71.06029996582664,0.12418615375274478,7.256631534384198
commons,True,169.56692010368434,,,,83.60096671002633
commons,True,121.3635631709554,,,,42.30897771988413
commons,True,125.03627593427484,,,,67.63126748977584
commons,False,84.76723139673958,519.6198208420554,63.25241945859587,0.1998769050893887,4.0836729489898715
commons,True,90.553426762571,,,,15.37955720614255
commons,True,112.1471226808473,,,,86.4341170404584
sd15,True,115.61523035015979,,,,87.31253664070054
sd15,False,89.05657903126307,470.64223319298907,68.42529066400023,0.06192241314217867,0.28793400510546974
sd15,True,173.15570647246304,,,,87.63808665459251
sd15,True,102.02090713864501,,,,39.934405340152146
sd15,True,92.19265076310033,,,,2.3764219159851905
sd15,True,129.32353244469445,,,,85.14483895070754
sd15,True,90.0190684902734,,,,0.4801038939726965
sd15,False,89.49611334560107,578.9286255445508,57.86282227539151,0.23987883052509537,3.8789773991700827
sd15,False,89.47549761442049,607.4727922189709,55.55806182105685,0.8593460607535012,1.7200840728503266
sd15,True,90.79666791625992,,,,4.854739924311062
sd15,False,85.47167696391101,490.8802521978966,66.19986721024534,0.05616271613202397,3.1484300485883665
sd15,False,88.98773596478914,3691.3692366302057,9.909020951440823,1.3072999654254482,1.05777606304531
sd15,False,89.35192826637127,2068.54363989371,17.587693284123823,0.4312447546400424,3.6223414503909055
sd15,True,143.0015620429272,,,,87.16899907735396
sd15,True,134.51358439491415,,,,83.96614083954809
sd15,False,87.46149034242787,645.6698911359867,52.72688573254205,0.09359937050796155,0.6709953911244071
sd15,True,90.90154452347252,,,,2.4449119010656517
sd15,True,90.49900848451173,,,,5.650570008528916
sd15,False,70.28876279910294,500.8127749879198,65.15400954383637,0.5055547509364121,17.505864622461274
sd15,True,134.82183033168155,,,,82.94952290789618
sd15,False,83.95117242700002,562.8068868254733,59.24327468629533,0.05703082098326868,1.9483310775265892
sd15,True,92.9076325184646,,,,2.5046609070805914
sd15,False,89.58338408178243,588.7479717941619,57.05048577606224,0.010532474505308443,0.143403263547782
sd15,True,176.74433451470364,,,,68.0818863131395
sd15,False,89.89634887957034,259.6501034833854,101.88779592051051,0.8550498567104495,16.164028741255976
sd15,True,115.75877166928913,,,,85.76695811464289
sd15,True,90.81201895243663,,,,5.205592030625027
sd15,True,129.658490443309,,,,87.3849717585289
sd15,False,89.3586015198751,2984.7436901761384,12.238827415805572,1.1834649644971282,3.37733808176246
sd15,False,86.24472432244116,425.79573105317803,73.8522192301638,0.040115372227896066,1.370568694434013
sd15,True,90.0222599101602,,,,2.316173970113013
sd15,False,89.68198803600022,464.03190636610555,69.18089483083821,0.04105988831282433,3.294575896488766
sd15,True,104.21903714887539,,,,85.68082748820993
sd15,False,81.90864329561711,673.051073564515,50.85720608106611,0.1339496711636206,3.3891860626983714
sd15,False,89.33381646128254,2570.513705628378,14.192343773650498,1.416592758726262,5.384000337220499
sd15,True,108.54962112603272,,,,83.7586489689336
sd15,False,88.77107114294432,734.7513392097613,47.06832094801523,0.10135412526146256,2.115181958440701
sd15,True,167.1646708061517,,,,87.44147653427095
sd15,False,89.7712085352358,501.77820220931756,65.05391953189995,0.3112976033884992,0.12724628310036223
sd15,False,87.89572594813139,423.8432819480885,74.10532014685867,0.10257212881979198,3.7705165890407812
sd15,False,88.98935250583817,562.8499560977889,59.23950700719735,0.14258882929892097,2.1269979743444196
sdxl,False,88.76705957981379,677.5877793686481,50.55931532244504,0.13448303410243137,6.590103465004276
sdxl,False,88.89791207918336,645.0288301957276,52.77218994363764,0.08982539405575858,0.8883808365197581
sdxl,True,153.9833919086214,,,,89.57065870066009
sdxl,True,143.77146745163256,,,,89.1990236542012
sdxl,True,113.40390770460026,,,,73.33387203409012
sdxl,False,89.95532674875535,3399.2968307742367,10.755622237071144,0.17351356816591784,0.805803516867968
sdxl,False,89.86478275792436,2646.832116962835,13.787118888110648,0.201918360370826,0.2786525641430302
sdxl,True,90.3125235134317,,,,4.540119720553818
sdxl,False,86.410416580079,644.2061565576531,52.83043482811864,0.07198440248844712,0.418390977952086
sdxl,True,92.8966374566694,,,,77.52666593970724
sdxl,True,90.43509309163728,,,,1.6418488818181345
sdxl,True,90.70178780626699,,,,6.090815112666462
sdxl,True,90.31008038520447,,,,6.300973921017189
sdxl,False,89.67621683026259,1695.391554153934,21.37731737904633,0.586417913495729,0.49340539193268285
sdxl,True,92.97460983072408,,,,54.661399861510546
sdxl,False,89.78947630409934,1411.0654285230396,25.554727719352588,0.12111333656230276,1.0774838281342909
sdxl,False,89.9498851354189,1435.2548304114102,25.137831472228076,0.2765203169887315,5.1335375228567415
sdxl,True,90.38480914932109,,,,1.834693363626954
sdxl,True,103.06925415262133,,,,87.99547005603625
sdxl,True,90.74760910255766,,,,6.3812877388782
sdxl,False,89.31762045324123,483.6016023240674,66.98534775180384,0.3836943095732587,2.281100090663827
sdxl,False,89.97804508057023,3993.874589569124,9.161812909450026,0.17517967885076577,1.1366956468560119
sdxl,False,88.9166889044063,655.2616558230412,52.05755966044449,0.22682845777303784,0.38891105270150206
sdxl,True,120.69883370030333,,,,86.29190997645186
sdxl,False,89.56238060813953,3381.567114910696,10.8116812658338,2.1264825428537892,2.829070592512366
sdxl,False,89.88638373547936,289.25207798476345,95.77833960873275,0.3255868383095388,6.884071190959588
sdxl,True,90.09124434474604,,,,2.5881866207755877
sdxl,True,169.3131294845514,,,,87.2529006433894
sdxl,True,90.19349592931609,,,,3.6952741889533627
sdxl,False,89.76077717908309,7208.399245105472,5.083686117243192,2.4146155956487103,2.0354339660622145
sdxl,True,90.14926219645348,,,,2.613496501611678
sdxl,False,89.60980789261613,2002.3601463149032,18.159481921783595,1.1572492449749818,4.562973475774925
sdxl,True,90.32632590297354,,,,1.0898195650492397
sdxl,False,89.54683549145616,2557.943319102831,14.261372353865548,0.42255723785850385,2.884775363754258
sdxl,True,90.48052767107146,,,,1.3159243508774097
sdxl,False,89.63638447861679,696.4630678285148,49.35419576022178,0.09941154623749346,0.5172360382500472
