set,path,vert_dist_h,n_pairs_k0.0,logf_k0.0,imp_k0.0,n_pairs_k0.5,logf_k0.5,imp_k0.5,n_pairs_k1.0,logf_k1.0,imp_k1.0,n_pairs_k2.0,logf_k2.0,imp_k2.0
yorkurban,P1020177,6.043876403311769,2,0.038496340021626274,0.0,2,0.038496340021626274,0.0,2,0.038496340021626274,0.0,2,0.038496340021626274,0.0
yorkurban,P1020828,35.766349995399636,4,2.9386279450239563,0.25,4,2.9386279450239563,0.25,4,2.9386279450239563,0.25,4,2.9386279450239563,0.25
yorkurban,P1020830,78.65546275488525,2,0.021537046113075498,0.0,2,0.021537046113075498,0.0,2,0.021537046113075498,0.0,2,0.021537046113075498,0.0
yorkurban,P1020833,665.3052578678464,2,,1.0,2,,1.0,2,,1.0,2,,1.0
yorkurban,P1020838,11.484953217120081,2,0.022519209896350922,0.0,2,0.022519209896350922,0.0,2,0.022519209896350922,0.0,2,0.022519209896350922,0.0
yorkurban,P1020841,13.617491367775946,2,0.01655555852685886,0.0,2,0.01655555852685886,0.0,2,0.01655555852685886,0.0,2,0.01655555852685886,0.0
yorkurban,P1020845,36.05820183442693,3,0.26361465757843394,0.0,3,0.26361465757843394,0.0,3,0.26361465757843394,0.0,3,0.26361465757843394,0.0
yorkurban,P1020860,106.87074921809136,2,0.1771960679739042,0.0,2,0.1771960679739042,0.0,2,0.1771960679739042,0.0,2,0.1771960679739042,0.0
yorkurban,P1020861,45.19892089477873,3,0.7185920625788462,0.0,3,0.7185920625788462,0.0,3,0.7185920625788462,0.0,3,0.7185920625788462,0.0
yorkurban,P1020871,20.836922379130986,3,0.10637602426440473,0.3333333333333333,3,0.10637602426440473,0.3333333333333333,3,0.10637602426440473,0.3333333333333333,3,0.10637602426440473,0.3333333333333333
yorkurban,P1020872,34.61693668558464,2,0.037956013012397705,0.0,2,0.037956013012397705,0.0,2,0.037956013012397705,0.0,2,0.037956013012397705,0.0
yorkurban,P1020887,4.347876280377207,4,0.7583525552068275,0.0,4,0.7583525552068275,0.0,4,0.7583525552068275,0.0,4,0.7583525552068275,0.0
yorkurban,P1020912,7.328825817316984,3,0.8097687412919701,0.0,3,0.8097687412919701,0.0,3,0.8097687412919701,0.0,3,0.8097687412919701,0.0
yorkurban,P1020928,5.975786250221602,2,0.07241114936427806,0.0,2,0.07241114936427806,0.0,2,0.07241114936427806,0.0,2,0.07241114936427806,0.0
yorkurban,P1040783,13.771260257771432,3,0.07448718967465329,0.3333333333333333,3,0.07448718967465329,0.3333333333333333,3,0.07448718967465329,0.3333333333333333,3,0.07448718967465329,0.3333333333333333
yorkurban,P1040788,12.787464574765313,2,0.05600107585624592,0.0,2,0.05600107585624592,0.0,2,0.05600107585624592,0.0,2,0.05600107585624592,0.0
yorkurban,P1040812,35.17511461131346,3,0.18499399840811748,0.3333333333333333,3,0.18499399840811748,0.3333333333333333,3,0.18499399840811748,0.3333333333333333,3,0.18499399840811748,0.3333333333333333
yorkurban,P1040814,31.08318183142455,2,0.09317825387170497,0.0,2,0.09317825387170497,0.0,2,0.09317825387170497,0.0,2,0.09317825387170497,0.0
yorkurban,P1040817,27.249781626316977,4,0.2211852029140946,0.25,4,0.2211852029140946,0.25,4,0.2211852029140946,0.25,4,0.2211852029140946,0.25
yorkurban,P1040818,22.154246490526038,4,1.3053609027553819,0.0,4,1.3053609027553819,0.0,4,1.3053609027553819,0.0,4,1.3053609027553819,0.0
yorkurban,P1040819,9.538596035004538,2,0.007399305343678719,0.0,2,0.007399305343678719,0.0,2,0.007399305343678719,0.0,2,0.007399305343678719,0.0
yorkurban,P1040823,10.637582850492162,3,,0.6666666666666666,3,,0.6666666666666666,3,,0.6666666666666666,3,,0.6666666666666666
yorkurban,P1040825,26.530097676733813,3,0.014111590852842859,0.3333333333333333,3,0.014111590852842859,0.3333333333333333,3,0.014111590852842859,0.3333333333333333,3,0.014111590852842859,0.3333333333333333
yorkurban,P1040826,38.912123158139835,2,0.3192443918016936,0.0,2,0.3192443918016936,0.0,2,0.3192443918016936,0.0,2,0.3192443918016936,0.0
yorkurban,P1040829,36.97405523523609,2,0.23567527240501107,0.0,2,0.23567527240501107,0.0,2,0.23567527240501107,0.0,2,0.23567527240501107,0.0
yorkurban,P1040833,35.254207568911305,3,,0.6666666666666666,3,,0.6666666666666666,3,,0.6666666666666666,3,,0.6666666666666666
yorkurban,P1040839,82.25248996170396,2,0.023414111646439473,0.0,2,0.023414111646439473,0.0,2,0.023414111646439473,0.0,2,0.023414111646439473,0.0
yorkurban,P1040843,85.60712038038463,2,0.44270003060698837,0.0,2,0.44270003060698837,0.0,2,0.44270003060698837,0.0,2,0.44270003060698837,0.0
yorkurban,P1040845,148.9493647469627,2,0.002542002319924741,0.0,2,0.002542002319924741,0.0,2,0.002542002319924741,0.0,2,0.002542002319924741,0.0
yorkurban,P1040850,64.40992474063317,2,0.010618308544222188,0.0,2,0.010618308544222188,0.0,2,0.010618308544222188,0.0,2,0.010618308544222188,0.0
yorkurban,P1040853,64.37660493629673,2,,0.5,2,,0.5,2,,0.5,2,,0.5
yorkurban,P1040854,24.083044571517046,3,2.8369105122279175,0.0,3,2.8369105122279175,0.0,3,2.8369105122279175,0.0,3,2.8369105122279175,0.0
yorkurban,P1040855,41.34599287554617,4,1.3830945947433646,0.25,4,1.3830945947433646,0.25,4,1.3830945947433646,0.25,4,1.3830945947433646,0.25
yorkurban,P1040856,9.297928276767646,2,0.16504582545822366,0.0,2,0.16504582545822366,0.0,2,0.16504582545822366,0.0,2,0.16504582545822366,0.0
yorkurban,P1040860,128.2513721509323,2,1.2212562982705704,0.0,2,1.2212562982705704,0.0,2,1.2212562982705704,0.0,2,1.2212562982705704,0.0
yorkurban,P1040862,145.7124725634641,4,0.7227861459400717,0.5,4,0.7227861459400717,0.5,4,0.7227861459400717,0.5,4,0.7227861459400717,0.5
yorkurban,P1040863,144.27259305236095,2,,1.0,2,,1.0,2,,1.0,2,,1.0
yorkurban,P1040870,17.93273187543822,4,0.500859661371595,0.25,4,0.500859661371595,0.25,4,0.500859661371595,0.25,4,0.500859661371595,0.25
yorkurban,P1020816,35.11746237024623,2,0.17287536697375927,0.0,2,0.17287536697375927,0.0,2,0.17287536697375927,0.0,2,0.17287536697375927,0.0
yorkurban,P1020817,45.751798251494066,2,0.14173687848357108,0.0,2,0.14173687848357108,0.0,2,0.14173687848357108,0.0,2,0.14173687848357108,0.0
yorkurban,P1020819,34.509554542391534,2,0.01483578298037358,0.0,2,0.01483578298037358,0.0,2,0.01483578298037358,0.0,2,0.01483578298037358,0.0
yorkurban,P1020824,73.89233822463659,2,0.06170291405533135,0.0,2,0.06170291405533135,0.0,2,0.06170291405533135,0.0,2,0.06170291405533135,0.0
yorkurban,P1020825,63.077752974302925,3,,1.0,3,,1.0,3,,1.0,3,,1.0
yorkurban,P1020831,240.7969641818486,2,0.2321859958675745,0.0,2,0.2321859958675745,0.0,2,0.2321859958675745,0.0,2,0.2321859958675745,0.0
yorkurban,P1020847,26.32507651829788,3,0.20123769249657286,0.3333333333333333,3,0.20123769249657286,0.3333333333333333,3,0.20123769249657286,0.3333333333333333,3,0.20123769249657286,0.3333333333333333
yorkurban,P1020867,36.305143827053904,2,0.1111019082053124,0.0,2,0.1111019082053124,0.0,2,0.1111019082053124,0.0,2,0.1111019082053124,0.0
yorkurban,P1030001,8.354199535196562,2,0.03379197724221328,0.0,2,0.03379197724221328,0.0,2,0.03379197724221328,0.0,2,0.03379197724221328,0.0
yorkurban,P1030004,8.81955943112201,4,0.1378181785127106,0.25,4,0.1378181785127106,0.25,4,0.1378181785127106,0.25,4,0.1378181785127106,0.25
yorkurban,P1080005,10.210819307003847,2,0.12161449843889205,0.0,2,0.12161449843889205,0.0,2,0.12161449843889205,0.0,2,0.12161449843889205,0.0
yorkurban,P1080008,6.961433510044953,3,0.026962056675133184,0.3333333333333333,3,0.026962056675133184,0.3333333333333333,3,0.026962056675133184,0.3333333333333333,3,0.026962056675133184,0.3333333333333333
yorkurban,P1080011,5.943243505807634,2,0.041109810557308,0.0,2,0.041109810557308,0.0,2,0.041109810557308,0.0,2,0.041109810557308,0.0
yorkurban,P1080018,7.762949227230982,3,0.22212009375366826,0.0,3,0.22212009375366826,0.0,3,0.22212009375366826,0.0,3,0.22212009375366826,0.0
yorkurban,P1080025,19.219369202799196,2,0.0916845888490041,0.0,2,0.0916845888490041,0.0,2,0.0916845888490041,0.0,2,0.0916845888490041,0.0
yorkurban,P1080031,11.096738523497528,2,0.05460963434790056,0.0,2,0.05460963434790056,0.0,2,0.05460963434790056,0.0,2,0.05460963434790056,0.0
yorkurban,P1080036,16.957317290594172,2,0.1113513444717471,0.0,2,0.1113513444717471,0.0,2,0.1113513444717471,0.0,2,0.1113513444717471,0.0
yorkurban,P1080049,6.811960503568908,2,0.13128665029412012,0.0,2,0.13128665029412012,0.0,2,0.13128665029412012,0.0,2,0.13128665029412012,0.0
yorkurban,P1080053,10.387266688004338,2,0.03917758155296802,0.0,2,0.03917758155296802,0.0,2,0.03917758155296802,0.0,2,0.03917758155296802,0.0
yorkurban,P1080055,16.83760676557216,2,0.17317385921047102,0.0,2,0.17317385921047102,0.0,2,0.17317385921047102,0.0,2,0.17317385921047102,0.0
yorkurban,P1080057,14.071453369835515,3,0.15492822285977326,0.0,3,0.15492822285977326,0.0,3,0.15492822285977326,0.0,3,0.15492822285977326,0.0
yorkurban,P1080062,27.033837332265087,2,0.6442679542781953,0.0,2,0.6442679542781953,0.0,2,0.6442679542781953,0.0,2,0.6442679542781953,0.0
yorkurban,P1080074,9.623993606803085,2,0.10921016756224589,0.0,2,0.10921016756224589,0.0,2,0.10921016756224589,0.0,2,0.10921016756224589,0.0
yorkurban,P1080078,56.07851693610058,2,0.3602059950092942,0.0,2,0.3602059950092942,0.0,2,0.3602059950092942,0.0,2,0.3602059950092942,0.0
yorkurban,P1080079,57.097357506457314,2,0.3669402323785871,0.0,2,0.3669402323785871,0.0,2,0.3669402323785871,0.0,2,0.3669402323785871,0.0
yorkurban,P1080091,87.20311841625337,3,1.0485778901798062,0.0,3,1.0485778901798062,0.0,3,1.0485778901798062,0.0,3,1.0485778901798062,0.0
yorkurban,P1080092,46.90977351386423,2,,0.5,2,,0.5,2,,0.5,2,,0.5
yorkurban,P1080100,10.123171037624436,2,0.033352809172827236,0.0,2,0.033352809172827236,0.0,2,0.033352809172827236,0.0,2,0.033352809172827236,0.0
yorkurban,P1080104,9.036990518240373,3,0.2495709505163628,0.0,3,0.2495709505163628,0.0,3,0.2495709505163628,0.0,3,0.2495709505163628,0.0
yorkurban,P1080106,9.171019627220552,3,0.1212011255754204,0.0,3,0.1212011255754204,0.0,3,0.1212011255754204,0.0,3,0.1212011255754204,0.0
yorkurban,P1080111,11.147066141773859,3,0.41724779847681503,0.0,3,0.41724779847681503,0.0,3,0.41724779847681503,0.0,3,0.41724779847681503,0.0
yorkurban,P1080113,9.567840730767077,3,0.029157216263726582,0.3333333333333333,3,0.029157216263726582,0.3333333333333333,3,0.029157216263726582,0.3333333333333333,3,0.029157216263726582,0.3333333333333333
yorkurban,P1080116,15.62197977523949,2,0.27084636857321165,0.0,2,0.27084636857321165,0.0,2,0.27084636857321165,0.0,2,0.27084636857321165,0.0
yorkurban,P1080119,8.757934900638372,3,0.6597852354005038,0.0,3,0.6597852354005038,0.0,3,0.6597852354005038,0.0,3,0.6597852354005038,0.0
real-commons,101102990.jpg,6.985735221598223,2,,0.5,2,,0.5,2,,0.5,2,,0.5
real-commons,105241817.jpg,3.4361020398323117,4,1.2623892745273348,0.0,4,1.2623892745273348,0.0,4,1.2623892745273348,0.0,4,1.2623892745273348,0.0
real-commons,105241820.jpg,5.410935073600782,3,0.22266048880996703,0.0,3,0.22266048880996703,0.0,3,0.22266048880996703,0.0,3,0.22266048880996703,0.0
real-commons,105380830.jpg,0.3554557101072173,4,0.35342335188209173,0.5,0,,,0,,,0,,
real-commons,107361510.jpg,369.63449241468817,2,,1.0,2,,1.0,2,,1.0,2,,1.0
real-commons,107528007.jpg,132.35793329185327,2,,1.0,2,,1.0,2,,1.0,2,,1.0
real-commons,113368842.jpg,174.7565297487555,2,,1.0,2,,1.0,2,,1.0,2,,1.0
real-commons,115919549.jpg,0.553536882411855,3,,1.0,3,,1.0,0,,,0,,
real-commons,119858370.jpg,11.792846592063118,3,0.04823357892800306,0.3333333333333333,3,0.04823357892800306,0.3333333333333333,3,0.04823357892800306,0.3333333333333333,3,0.04823357892800306,0.3333333333333333
real-commons,121501894.jpg,6.796041508453559,3,0.012844409674161561,0.3333333333333333,3,0.012844409674161561,0.3333333333333333,3,0.012844409674161561,0.3333333333333333,3,0.012844409674161561,0.3333333333333333
real-commons,122233284.jpg,0.05520357958469364,2,0.4139066934724358,0.0,2,,0.5,2,,0.5,2,,0.5
real-commons,124585902.jpg,5.566478266707505,3,0.21617382344504588,0.3333333333333333,3,0.21617382344504588,0.3333333333333333,3,0.21617382344504588,0.3333333333333333,3,0.21617382344504588,0.3333333333333333
real-commons,128753247.jpg,14.725707072028849,2,0.037323844279087304,0.0,2,0.037323844279087304,0.0,2,0.037323844279087304,0.0,2,0.037323844279087304,0.0
real-commons,128858931.jpg,4.050750395865369,4,0.34273924813990053,0.0,4,0.34273924813990053,0.0,4,0.34273924813990053,0.0,4,0.34273924813990053,0.0
real-commons,133798379.jpg,1.917647124278155,4,0.5235101289967625,0.25,4,0.5235101289967625,0.25,4,0.5235101289967625,0.25,0,,
real-commons,133798579.jpg,0.8326857941311122,4,,1.0,4,,1.0,4,,1.0,0,,
real-commons,133798698.jpg,3.448008932326842,3,0.9362848448326471,0.0,3,0.9362848448326471,0.0,3,0.9362848448326471,0.0,3,0.9362848448326471,0.0
real-commons,133798706.jpg,3.07282603872184,4,0.15213696390573705,0.0,4,0.15213696390573705,0.0,4,0.15213696390573705,0.0,4,0.15213696390573705,0.0
real-commons,133798741.jpg,1.67538501915427,4,0.15700311621145868,0.0,4,0.15700311621145868,0.0,4,0.15700311621145868,0.0,0,,
real-commons,133798768.jpg,,0,,,0,,,0,,,0,,
real-commons,133927081.jpg,2.1828078802786055,4,0.07696631629950446,0.25,4,0.07696631629950446,0.25,4,0.07696631629950446,0.25,4,0.07696631629950446,0.25
real-commons,133927151.jpg,84.6864321350758,2,0.1561424736299699,0.0,2,0.1561424736299699,0.0,2,0.1561424736299699,0.0,2,0.1561424736299699,0.0
real-commons,134289312.jpg,0.9858286985395708,2,0.1378712806855269,0.0,2,0.1378712806855269,0.0,2,0.14577331069429,0.0,0,,
real-commons,134289377.jpg,1.7984706457739932,2,0.07990610473413629,0.0,2,0.07990610473413629,0.0,2,0.07990610473413629,0.0,0,,
real-commons,134351813.jpg,2.211148172033363,4,0.24578470126545415,0.25,4,0.24578470126545415,0.25,4,0.24578470126545415,0.25,4,0.24578470126545415,0.25
real-commons,134356706.jpg,74.03739231235285,2,0.12516660005982772,0.0,2,0.12516660005982772,0.0,2,0.12516660005982772,0.0,2,0.12516660005982772,0.0
real-commons,134408326.jpg,13.03063640413095,2,0.04520914194075054,0.0,2,0.04520914194075054,0.0,2,0.04520914194075054,0.0,2,0.04520914194075054,0.0
real-commons,139658745.jpg,15.42335084475526,3,0.9824439536184775,0.0,3,0.9824439536184775,0.0,3,0.9824439536184775,0.0,3,0.9824439536184775,0.0
real-commons,139760688.jpg,1254.2914891320954,4,,0.75,4,,0.75,4,,0.75,4,,0.75
real-commons,140073054.jpg,61.385649344674555,2,0.2026396794930605,0.0,2,0.2026396794930605,0.0,2,0.2026396794930605,0.0,2,0.2026396794930605,0.0
real-commons,140080569.jpg,952.9621488985891,3,5.884541522965013,0.0,3,5.884541522965013,0.0,3,5.884541522965013,0.0,3,5.884541522965013,0.0
real-commons,140130433.jpg,140.74962329372312,2,0.047691313504988564,0.0,2,0.047691313504988564,0.0,2,0.047691313504988564,0.0,2,0.047691313504988564,0.0
real-commons,141067899.jpg,3.2484124632508156,2,0.029867284721522225,0.0,2,0.029867284721522225,0.0,2,0.029867284721522225,0.0,2,0.029867284721522225,0.0
real-commons,141125806.jpg,14.226211200185404,4,0.4897965823020103,0.0,4,0.4897965823020103,0.0,4,0.4897965823020103,0.0,4,0.4897965823020103,0.0
real-commons,142127097.jpg,92.0748039036207,2,,1.0,2,,1.0,2,,1.0,2,,1.0
real-commons,142127098.jpg,41.82779021129859,2,0.009016442204057284,0.0,2,0.009016442204057284,0.0,2,0.009016442204057284,0.0,2,0.009016442204057284,0.0
real-commons,142127100.jpg,26.642587871571436,2,,1.0,2,,1.0,2,,1.0,2,,1.0
real-commons,142127112.jpg,27.331088782457744,4,0.07063651036880714,0.5,4,0.07063651036880714,0.5,4,0.07063651036880714,0.5,4,0.07063651036880714,0.5
real-commons,142127114.jpg,535.2615551001439,2,,0.5,2,,0.5,2,,0.5,2,,0.5
real-commons,142127115.jpg,4.740027757645023,4,0.5356704093057791,0.0,4,0.5356704093057791,0.0,4,0.5356704093057791,0.0,4,0.5356704093057791,0.0
real-commons,142127126.jpg,64.9568485021272,3,0.2588977253994065,0.3333333333333333,3,0.2588977253994065,0.3333333333333333,3,0.2588977253994065,0.3333333333333333,3,0.2588977253994065,0.3333333333333333
real-commons,142127135.jpg,20.388981406935198,2,0.2760639450273503,0.0,2,0.2760639450273503,0.0,2,0.2760639450273503,0.0,2,0.2760639450273503,0.0
real-commons,142127137.jpg,15.499297000932291,2,0.210874700147631,0.0,2,0.210874700147631,0.0,2,0.210874700147631,0.0,2,0.210874700147631,0.0
real-commons,142127141.jpg,82.86233880685609,2,,0.5,2,,0.5,2,,0.5,2,,0.5
real-commons,142127145.jpg,621.2698950870999,2,,0.5,2,,0.5,2,,0.5,2,,0.5
real-commons,142127147.jpg,42.43453303070589,2,,0.5,2,,0.5,2,,0.5,2,,0.5
real-commons,142127154.jpg,7.010044279794821,2,0.16166850316355408,0.0,2,0.16166850316355408,0.0,2,0.16166850316355408,0.0,2,0.16166850316355408,0.0
real-commons,142127155.jpg,7.644484173017349,3,1.1308042616312788,0.0,3,1.1308042616312788,0.0,3,1.1308042616312788,0.0,3,1.1308042616312788,0.0
real-commons,142127166.jpg,23.84735553230712,3,0.4034861317192462,0.0,3,0.4034861317192462,0.0,3,0.4034861317192462,0.0,3,0.4034861317192462,0.0
real-commons,142127172.jpg,6.6140469604557826,4,0.33609425439828655,0.0,4,0.33609425439828655,0.0,4,0.33609425439828655,0.0,4,0.33609425439828655,0.0
real-commons,144073369.jpg,3.267803600009238,2,0.016137091766780465,0.0,2,0.016137091766780465,0.0,2,0.016137091766780465,0.0,2,0.016137091766780465,0.0
real-commons,144073375.jpg,1.6163459055749043,2,0.09049039157942307,0.0,2,0.09049039157942307,0.0,2,0.09049039157942307,0.0,0,,
real-commons,144073379.jpg,4.0074635426750005,4,0.44361898138147815,0.25,4,0.44361898138147815,0.25,4,0.44361898138147815,0.25,4,0.44361898138147815,0.25
real-commons,144073382.jpg,3.7281035836201655,2,0.016106464358993655,0.0,2,0.016106464358993655,0.0,2,0.016106464358993655,0.0,2,0.016106464358993655,0.0
real-commons,144073388.jpg,1.8622026256581998,2,0.020816122604521148,0.0,2,0.020816122604521148,0.0,2,0.020816122604521148,0.0,0,,
real-commons,144073395.jpg,1.9294969151885906,2,0.007442225089982379,0.0,2,0.007442225089982379,0.0,2,0.007442225089982379,0.0,0,,
real-commons,144073397.jpg,1.9183990294110336,2,0.0047758937844752936,0.0,2,0.0047758937844752936,0.0,2,0.0047758937844752936,0.0,0,,
real-commons,144074254.jpg,2.2553444228982586,3,0.05433710085148924,0.3333333333333333,3,0.05433710085148924,0.3333333333333333,3,0.05433710085148924,0.3333333333333333,3,0.05433710085148924,0.3333333333333333
real-commons,144076551.jpg,1.9636073005581927,2,0.4618428403903394,0.0,2,0.4618428403903394,0.0,2,0.4618428403903394,0.0,0,,
real-commons,144076565.jpg,3.8732086528872465,2,0.4619920358648697,0.0,2,0.4619920358648697,0.0,2,0.4619920358648697,0.0,2,0.4619920358648697,0.0
real-commons,147574083.jpg,12.078558876761424,3,0.30339924781811956,0.3333333333333333,3,0.30339924781811956,0.3333333333333333,3,0.30339924781811956,0.3333333333333333,3,0.30339924781811956,0.3333333333333333
real-commons,150027945.jpg,314.4020378522736,3,,1.0,3,,1.0,3,,1.0,3,,1.0
real-commons,151607867.jpg,8.67181278259364,3,0.46941271299945075,0.0,3,0.46941271299945075,0.0,3,0.46941271299945075,0.0,3,0.46941271299945075,0.0
real-commons,153899608.jpg,9.694107729757434,2,,1.0,2,,1.0,2,,1.0,2,,1.0
real-commons,159587572.jpg,48.40741728390004,2,,0.5,2,,0.5,2,,0.5,2,,0.5
real-commons,162536417.jpg,3.6594340057319563,2,0.015586504069395879,0.0,2,0.015586504069395879,0.0,2,0.015586504069395879,0.0,2,0.015586504069395879,0.0
real-commons,162537105.jpg,4.878529395724425,2,0.01713125951318517,0.0,2,0.01713125951318517,0.0,2,0.01713125951318517,0.0,2,0.01713125951318517,0.0
real-commons,162663045.jpg,27.013630905111935,2,0.5219972392878498,0.0,2,0.5219972392878498,0.0,2,0.5219972392878498,0.0,2,0.5219972392878498,0.0
real-commons,162927541.jpg,1.8207854604752811,2,0.11751829268154168,0.0,2,0.11751829268154168,0.0,2,0.11751829268154168,0.0,0,,
real-commons,162927548.jpg,3.3597866405184464,2,0.009093295037901683,0.0,2,0.009093295037901683,0.0,2,0.009093295037901683,0.0,2,0.009093295037901683,0.0
real-commons,164368723.jpg,30.953609190600936,4,0.005972455709327029,0.5,4,0.005972455709327029,0.5,4,0.005972455709327029,0.5,4,0.005972455709327029,0.5
real-commons,164368837.jpg,218.3178880068676,2,,1.0,2,,1.0,2,,1.0,2,,1.0
real-commons,164368854.jpg,36.666766275003106,3,0.11797260170542412,0.0,3,0.11797260170542412,0.0,3,0.11797260170542412,0.0,3,0.11797260170542412,0.0
real-commons,164368855.jpg,29.795951810874268,2,0.04538513211599593,0.0,2,0.04538513211599593,0.0,2,0.04538513211599593,0.0,2,0.04538513211599593,0.0
real-commons,164454504.jpg,37.52912559923331,4,0.45069682195069394,0.25,4,0.45069682195069394,0.25,4,0.45069682195069394,0.25,4,0.45069682195069394,0.25
real-commons,170729583.jpg,725.5928230539846,2,,0.5,2,,0.5,2,,0.5,2,,0.5
real-commons,170743455.jpg,1571.9889469749621,2,0.03295309852326156,0.0,2,0.03295309852326156,0.0,2,0.03295309852326156,0.0,2,0.03295309852326156,0.0
real-commons,170746481.jpg,132.65778618625853,3,2.711436543381626,0.0,3,2.711436543381626,0.0,3,2.711436543381626,0.0,3,2.711436543381626,0.0
real-commons,17189804.jpg,22.029488770433804,2,0.09301274627322709,0.0,2,0.09301274627322709,0.0,2,0.09301274627322709,0.0,2,0.09301274627322709,0.0
real-commons,175443170.jpg,1028.4124636731706,2,0.1338023607095291,0.0,2,0.1338023607095291,0.0,2,0.1338023607095291,0.0,2,0.1338023607095291,0.0
real-commons,176046294.jpg,142.25220728087143,3,1.712393064350735,0.3333333333333333,3,1.712393064350735,0.3333333333333333,3,1.712393064350735,0.3333333333333333,3,1.712393064350735,0.3333333333333333
real-commons,186640910.jpg,19.743897563602072,3,0.04890777447888528,0.0,3,0.04890777447888528,0.0,3,0.04890777447888528,0.0,3,0.04890777447888528,0.0
real-commons,191391879.jpg,34.077062920648565,3,,1.0,3,,1.0,3,,1.0,3,,1.0
real-commons,191632426.jpg,6.618545923887629,2,3.183269501153796,0.0,2,3.183269501153796,0.0,2,3.183269501153796,0.0,2,3.183269501153796,0.0
real-commons,192421379.jpg,137.70647500673925,4,,0.75,4,,0.75,4,,0.75,4,,0.75
real-commons,195397600.jpg,11.315996495162846,3,0.0009934501093979975,0.3333333333333333,3,0.0009934501093979975,0.3333333333333333,3,0.0009934501093979975,0.3333333333333333,3,0.0009934501093979975,0.3333333333333333
real-commons,196729084.jpg,6.350723643915651,4,0.8814491548207641,0.25,4,0.8814491548207641,0.25,4,0.8814491548207641,0.25,4,0.8814491548207641,0.25
real-commons,198863012.jpg,167.68208092052177,2,0.02579908873850023,0.0,2,0.02579908873850023,0.0,2,0.02579908873850023,0.0,2,0.02579908873850023,0.0
real-commons,199677639.jpg,15.906880243674046,2,0.09021045590096488,0.0,2,0.09021045590096488,0.0,2,0.09021045590096488,0.0,2,0.09021045590096488,0.0
real-commons,21152354.jpg,5374.415488756362,4,,0.75,4,,0.75,4,,0.75,4,,0.75
real-commons,21611524.jpg,17.78049851464421,3,0.30245842496644393,0.0,3,0.30245842496644393,0.0,3,0.30245842496644393,0.0,3,0.30245842496644393,0.0
real-commons,22647576.jpg,7.971184839819285,2,0.04005724527592669,0.0,2,0.04005724527592669,0.0,2,0.04005724527592669,0.0,2,0.04005724527592669,0.0
real-commons,22786006.jpg,184.8803727041745,2,0.1824623533781029,0.0,2,0.1824623533781029,0.0,2,0.1824623533781029,0.0,2,0.1824623533781029,0.0
real-commons,23210586.jpg,158.34610121114406,2,,1.0,2,,1.0,2,,1.0,2,,1.0
real-commons,23962381.jpg,13.956260982664741,4,0.4607855957046141,0.0,4,0.4607855957046141,0.0,4,0.4607855957046141,0.0,4,0.4607855957046141,0.0
real-commons,27299218.jpg,4.405544001366642,3,0.11147783119931542,0.0,3,0.11147783119931542,0.0,3,0.11147783119931542,0.0,3,0.11147783119931542,0.0
real-commons,27299221.jpg,4.063538009500093,3,0.16666410865101255,0.0,3,0.16666410865101255,0.0,3,0.16666410865101255,0.0,3,0.16666410865101255,0.0
real-commons,27597820.jpg,4.123836990004082,2,,0.5,2,,0.5,2,,0.5,2,,0.5
real-commons,28381723.jpg,7.361653130321628,3,0.22024260723522104,0.3333333333333333,3,0.22024260723522104,0.3333333333333333,3,0.22024260723522104,0.3333333333333333,3,0.22024260723522104,0.3333333333333333
real-commons,29514918.jpg,18.71388202506001,4,,0.75,4,,0.75,4,,0.75,4,,0.75
real-commons,29657001.jpg,88.03985910432634,2,0.00032428924810812276,0.0,2,0.00032428924810812276,0.0,2,0.00032428924810812276,0.0,2,0.00032428924810812276,0.0
real-commons,32289309.jpg,20.836908078203685,2,,0.5,2,,0.5,2,,0.5,2,,0.5
real-commons,3721699.jpg,5.6845104909119994,2,0.00036810330765035815,0.0,2,0.00036810330765035815,0.0,2,0.00036810330765035815,0.0,2,0.00036810330765035815,0.0
real-commons,38392016.jpg,15.69298540720625,3,0.5597219382282486,0.0,3,0.5597219382282486,0.0,3,0.5597219382282486,0.0,3,0.5597219382282486,0.0
real-commons,4384107.jpg,52.92647849236958,2,1.9540619467321738,0.0,2,1.9540619467321738,0.0,2,1.9540619467321738,0.0,2,1.9540619467321738,0.0
real-commons,45045216.jpg,9.431410605409516,4,0.42637880538354,0.25,4,0.42637880538354,0.25,4,0.42637880538354,0.25,4,0.42637880538354,0.25
real-commons,45430044.jpg,595.567695632666,2,,0.5,2,,0.5,2,,0.5,2,,0.5
real-commons,4968273.jpg,449.27593990801313,4,,0.75,4,,0.75,4,,0.75,4,,0.75
real-commons,54398721.jpg,343.6542802622885,2,,1.0,2,,1.0,2,,1.0,2,,1.0
real-commons,57603006.jpg,0.2825497257979207,3,0.07103902923284,0.3333333333333333,0,,,0,,,0,,
real-commons,61534267.jpg,6.065199684169833,3,,0.6666666666666666,3,,0.6666666666666666,3,,0.6666666666666666,3,,0.6666666666666666
real-commons,77569557.jpg,55.021168888797554,3,0.9063054326781232,0.3333333333333333,3,0.9063054326781232,0.3333333333333333,3,0.9063054326781232,0.3333333333333333,3,0.9063054326781232,0.3333333333333333
real-commons,79085935.jpg,6.999944908479969,2,0.06955622705672848,0.0,2,0.06955622705672848,0.0,2,0.06955622705672848,0.0,2,0.06955622705672848,0.0
real-commons,82516459.jpg,37.86609749711662,3,0.013942246190229213,0.3333333333333333,3,0.013942246190229213,0.3333333333333333,3,0.013942246190229213,0.3333333333333333,3,0.013942246190229213,0.3333333333333333
real-commons,84742407.jpg,16.678953988678906,3,0.12489251781291877,0.3333333333333333,3,0.12489251781291877,0.3333333333333333,3,0.12489251781291877,0.3333333333333333,3,0.12489251781291877,0.3333333333333333
real-commons,89454440.jpg,11.877320130762573,3,1.1578538995740573,0.0,3,1.1578538995740573,0.0,3,1.1578538995740573,0.0,3,1.1578538995740573,0.0
real-commons,90907782.jpg,10.751214301831263,2,0.06768528332456025,0.0,2,0.06768528332456025,0.0,2,0.06768528332456025,0.0,2,0.06768528332456025,0.0
real-commons,91065334.jpg,64.062457928286,2,2.158863446477021,0.0,2,2.158863446477021,0.0,2,2.158863446477021,0.0,2,2.158863446477021,0.0
real-commons,92409324.jpg,1664.691470991861,2,0.05950896366663194,0.0,2,0.05950896366663194,0.0,2,0.05950896366663194,0.0,2,0.05950896366663194,0.0
real-commons,98874670.jpg,10.316065804507176,3,0.13206110765686763,0.3333333333333333,3,0.13206110765686763,0.3333333333333333,3,0.13206110765686763,0.3333333333333333,3,0.13206110765686763,0.3333333333333333
real-commons,99938888.jpg,16.738064990712093,2,0.06824140873972873,0.0,2,0.06824140873972873,0.0,2,0.06824140873972873,0.0,2,0.06824140873972873,0.0
sdxl_rich,sdxl_0003.png,212.01113094574507,2,0.3550449188616671,0.0,2,0.3550449188616671,0.0,2,0.3550449188616671,0.0,2,0.3550449188616671,0.0
sdxl_rich,sdxl_0006.png,15.57545283480007,3,1.112269894545154,0.0,3,1.112269894545154,0.0,3,1.112269894545154,0.0,3,1.112269894545154,0.0
sdxl_rich,sdxl_0009.png,0.03246273957637802,4,6.707957715434294,0.5,4,4.107456226608746,0.0,4,4.107456226608746,0.0,4,4.107456226608746,0.0
sdxl_rich,sdxl_0011.png,64.98004871814479,3,1.7916519449231938,0.0,3,1.7916519449231938,0.0,3,1.7916519449231938,0.0,3,1.7916519449231938,0.0
sdxl_rich,sdxl_0012.png,61.49264982123245,3,0.3459454107470501,0.0,3,0.3459454107470501,0.0,3,0.3459454107470501,0.0,3,0.3459454107470501,0.0
sdxl_rich,sdxl_0015.png,39.84709661606776,3,0.22627435575448818,0.0,3,0.22627435575448818,0.0,3,0.22627435575448818,0.0,3,0.22627435575448818,0.0
sdxl_rich,sdxl_0017.png,605.2827110769462,2,,0.5,2,,0.5,2,,0.5,2,,0.5
sdxl_rich,sdxl_0018.png,179.6040048656357,3,,0.6666666666666666,3,,0.6666666666666666,3,,0.6666666666666666,3,,0.6666666666666666
sdxl_rich,sdxl_0019.png,83.07148121408567,2,,0.5,2,,0.5,2,,0.5,2,,0.5
sdxl_rich,sdxl_0021.png,182.7946557994395,3,,0.6666666666666666,3,,0.6666666666666666,3,,0.6666666666666666,3,,0.6666666666666666
sdxl_rich,sdxl_0022.png,46.75763888548193,3,0.10706223470969967,0.3333333333333333,3,0.10706223470969967,0.3333333333333333,3,0.10706223470969967,0.3333333333333333,3,0.10706223470969967,0.3333333333333333
sdxl_rich,sdxl_0023.png,3352.1829561019167,2,1.401447974808793,0.0,2,1.401447974808793,0.0,2,1.401447974808793,0.0,2,1.401447974808793,0.0
sdxl_rich,sdxl_0026.png,105.29154527777395,3,,1.0,3,,1.0,3,,1.0,3,,1.0
sdxl_rich,sdxl_0027.png,935.782989751819,4,,1.0,4,,1.0,4,,1.0,4,,1.0
sdxl_rich,sdxl_0028.png,949.0984442832528,2,0.17852789534594926,0.0,2,0.17852789534594926,0.0,2,0.17852789534594926,0.0,2,0.17852789534594926,0.0
sdxl_rich,sdxl_0031.png,559.4002723785064,2,,1.0,2,,1.0,2,,1.0,2,,1.0
sdxl_rich,sdxl_0033.png,0.41446678977146717,3,0.07504248677114145,0.3333333333333333,3,0.00520088814523767,0.3333333333333333,3,0.00520088814523767,0.3333333333333333,3,0.00520088814523767,0.3333333333333333
sdxl_rich,sdxl_0037.png,218.33576518415697,3,,1.0,3,,1.0,3,,1.0,3,,1.0
sdxl_rich,sdxl_0039.png,1056.1407850275014,2,,0.5,2,,0.5,2,,0.5,2,,0.5
sdxl_rich,sdxl_0043.png,421.50015382345435,4,1.6375276029547,0.5,4,1.6375276029547,0.5,4,1.6375276029547,0.5,4,1.6375276029547,0.5
sdxl_rich,sdxl_0044.png,24.946892967301345,2,0.145197922366882,0.0,2,0.145197922366882,0.0,2,0.145197922366882,0.0,2,0.145197922366882,0.0
sdxl_rich,sdxl_0045.png,2009.8112021911998,4,,0.75,4,,0.75,4,,0.75,4,,0.75
sdxl_rich,sdxl_0046.png,5.268072383381265,4,0.17542537637142086,0.0,4,0.17542537637142086,0.0,4,0.17542537637142086,0.0,4,0.17542537637142086,0.0
sdxl_rich,sdxl_0047.png,399.6553494877483,3,,0.6666666666666666,3,,0.6666666666666666,3,,0.6666666666666666,3,,0.6666666666666666
sdxl_rich,sdxl_0049.png,387.2521693320385,2,,0.5,2,,0.5,2,,0.5,2,,0.5
sdxl_rich,sdxl_0051.png,71.85747210785345,4,1.1841764657260363,0.25,4,1.1841764657260363,0.25,4,1.1841764657260363,0.25,4,1.1841764657260363,0.25
sdxl_rich,sdxl_0053.png,202.22176192182232,2,,0.5,2,,0.5,2,,0.5,2,,0.5
sdxl_rich,sdxl_0055.png,565.911089184699,4,1.4386059994461178,0.0,4,1.4386059994461178,0.0,4,1.4386059994461178,0.0,4,1.4386059994461178,0.0
sdxl_rich,sdxl_0059.png,508.85544646614835,2,,0.5,2,,0.5,2,,0.5,2,,0.5
sdxl_rich,sdxl_0065.png,39.930134534129394,4,0.8334674912661546,0.0,4,0.8334674912661546,0.0,4,0.8334674912661546,0.0,4,0.8334674912661546,0.0
sdxl_rich,sdxl_0067.png,74.47979126245035,4,0.35757052051901006,0.0,4,0.35757052051901006,0.0,4,0.35757052051901006,0.0,4,0.35757052051901006,0.0
sdxl_rich,sdxl_0069.png,149.52770558498773,3,,1.0,3,,1.0,3,,1.0,3,,1.0
sdxl_rich,sdxl_0071.png,1472.8332049954056,1,,0.0,1,,0.0,1,,0.0,1,,0.0
sdxl_rich,sdxl_0075.png,10181.75818388732,3,1.9820678430663623,0.0,3,1.9820678430663623,0.0,3,1.9820678430663623,0.0,3,1.9820678430663623,0.0
sdxl_rich,sdxl_0079.png,1154.2536386575434,2,,0.5,2,,0.5,2,,0.5,2,,0.5
sdxl_rich,sdxl_0082.png,140.07252457956642,4,0.5741254021313207,0.25,4,0.5741254021313207,0.25,4,0.5741254021313207,0.25,4,0.5741254021313207,0.25
sdxl_rich,sdxl_0085.png,35.45329902196042,3,0.8534607692935641,0.0,3,0.8534607692935641,0.0,3,0.8534607692935641,0.0,3,0.8534607692935641,0.0
sdxl_rich,sdxl_0087.png,2407.738934422603,2,1.3000888545973588,0.0,2,1.3000888545973588,0.0,2,1.3000888545973588,0.0,2,1.3000888545973588,0.0
sdxl_rich,sdxl_0091.png,33.87912102997795,2,,0.5,2,,0.5,2,,0.5,2,,0.5
sdxl_rich,sdxl_0092.png,84.92131949025546,4,0.27796251333065136,0.0,4,0.27796251333065136,0.0,4,0.27796251333065136,0.0,4,0.27796251333065136,0.0
sdxl_rich,sdxl_0093.png,0.10381712654831819,4,1.110557167864143,0.0,4,1.1833860512352263,0.5,4,1.1833860512352263,0.5,4,1.1833860512352263,0.5
sdxl_rich,sdxl_0095.png,118.89314833285206,3,0.28360424681501417,0.0,3,0.28360424681501417,0.0,3,0.28360424681501417,0.0,3,0.28360424681501417,0.0
sdxl_rich,sdxl_0098.png,29.66229981997979,4,1.4358837564597113,0.0,4,1.4358837564597113,0.0,4,1.4358837564597113,0.0,4,1.4358837564597113,0.0
sdxl_rich,sdxl_0101.png,263.55750557509646,3,0.044038652622209185,0.3333333333333333,3,0.044038652622209185,0.3333333333333333,3,0.044038652622209185,0.3333333333333333,3,0.044038652622209185,0.3333333333333333
sdxl_rich,sdxl_0103.png,44182.483844021495,0,,,0,,,0,,,0,,
sdxl_rich,sdxl_0109.png,311.6372484916822,2,,0.5,2,,0.5,2,,0.5,2,,0.5
sdxl_rich,sdxl_0113.png,86.03434830898014,4,0.4355063641508137,0.5,4,0.4355063641508137,0.5,4,0.4355063641508137,0.5,4,0.4355063641508137,0.5
sdxl_rich,sdxl_0114.png,4.745934775767342,2,0.21057345473124478,0.0,2,0.21057345473124478,0.0,2,0.21057345473124478,0.0,2,0.21057345473124478,0.0
sdxl_rich,sdxl_0115.png,129.53149258071556,2,,0.5,2,,0.5,2,,0.5,2,,0.5
sdxl_rich,sdxl_0117.png,506.76993464610484,2,,0.5,2,,0.5,2,,0.5,2,,0.5
sdxl_rich,sdxl_0119.png,798.645757559335,1,,1.0,1,,1.0,1,,1.0,1,,1.0
sdxl_rich,sdxl_0123.png,206.3756207027065,3,,0.6666666666666666,3,,0.6666666666666666,3,,0.6666666666666666,3,,0.6666666666666666
sdxl_rich,sdxl_0124.png,35.825077802322156,2,0.18322687611179056,0.0,2,0.18322687611179056,0.0,2,0.18322687611179056,0.0,2,0.18322687611179056,0.0
sdxl_rich,sdxl_0125.png,103.35093432286084,3,0.27241858096911997,0.3333333333333333,3,0.27241858096911997,0.3333333333333333,3,0.27241858096911997,0.3333333333333333,3,0.27241858096911997,0.3333333333333333
sdxl_rich,sdxl_0127.png,2062.667657263203,3,0.4272466124610723,0.0,3,0.4272466124610723,0.0,3,0.4272466124610723,0.0,3,0.4272466124610723,0.0
sdxl_rich,sdxl_0129.png,30.608218656033106,3,,0.6666666666666666,3,,0.6666666666666666,3,,0.6666666666666666,3,,0.6666666666666666
sdxl_rich,sdxl_0131.png,4222.65014506147,3,,0.6666666666666666,3,,0.6666666666666666,3,,0.6666666666666666,3,,0.6666666666666666
sdxl_rich,sdxl_0133.png,104.46879766022367,2,0.2395044411621221,0.0,2,0.2395044411621221,0.0,2,0.2395044411621221,0.0,2,0.2395044411621221,0.0
sdxl_rich,sdxl_0139.png,114.93149598724295,2,,0.5,2,,0.5,2,,0.5,2,,0.5
sdxl_rich,sdxl_0140.png,275.24063037066765,2,0.055161894298009884,0.0,2,0.055161894298009884,0.0,2,0.055161894298009884,0.0,2,0.055161894298009884,0.0
sdxl_rich,sdxl_0141.png,585.9409618001268,3,,0.6666666666666666,3,,0.6666666666666666,3,,0.6666666666666666,3,,0.6666666666666666
sdxl_rich,sdxl_0145.png,874.6642397233371,2,,0.5,2,,0.5,2,,0.5,2,,0.5
sdxl_rich,sdxl_0147.png,683.5545631313231,3,,1.0,3,,1.0,3,,1.0,3,,1.0
sdxl_rich,sdxl_0150.png,295.68719382920483,3,0.6295283655237149,0.0,3,0.6295283655237149,0.0,3,0.6295283655237149,0.0,3,0.6295283655237149,0.0
sdxl_rich,sdxl_0151.png,1082.8132326936882,4,,1.0,4,,1.0,4,,1.0,4,,1.0
sdxl_rich,sdxl_0154.png,2857.301832237024,3,,1.0,3,,1.0,3,,1.0,3,,1.0
sdxl_rich,sdxl_0155.png,42.0197122621546,4,0.12516287861840514,0.25,4,0.12516287861840514,0.25,4,0.12516287861840514,0.25,4,0.12516287861840514,0.25
sdxl_rich,sdxl_0156.png,12.56302098228297,3,0.03436207979770778,0.3333333333333333,3,0.03436207979770778,0.3333333333333333,3,0.03436207979770778,0.3333333333333333,3,0.03436207979770778,0.3333333333333333
sdxl_rich,sdxl_0159.png,252.67306976435748,2,,0.5,2,,0.5,2,,0.5,2,,0.5
sdxl_rich,sdxl_0161.png,125.54614948042894,3,0.725804358946565,0.0,3,0.725804358946565,0.0,3,0.725804358946565,0.0,3,0.725804358946565,0.0
sdxl_rich,sdxl_0162.png,15.2722484653665,3,0.2850470487813599,0.0,3,0.2850470487813599,0.0,3,0.2850470487813599,0.0,3,0.2850470487813599,0.0
sdxl_rich,sdxl_0163.png,195.73944577572829,2,,0.5,2,,0.5,2,,0.5,2,,0.5
sdxl_rich,sdxl_0165.png,79.36144482440349,4,0.10239265738095593,0.25,4,0.10239265738095593,0.25,4,0.10239265738095593,0.25,4,0.10239265738095593,0.25
sdxl_rich,sdxl_0167.png,353.86523640458506,2,,0.5,2,,0.5,2,,0.5,2,,0.5
sdxl_rich,sdxl_0171.png,79.24803249991348,4,1.760490550556118,0.25,4,1.760490550556118,0.25,4,1.760490550556118,0.25,4,1.760490550556118,0.25
sdxl_rich,sdxl_0172.png,26.01894243337436,2,0.3014756453226317,0.0,2,0.3014756453226317,0.0,2,0.3014756453226317,0.0,2,0.3014756453226317,0.0
sdxl_rich,sdxl_0173.png,851.8546898404471,2,1.552144017158751,0.0,2,1.552144017158751,0.0,2,1.552144017158751,0.0,2,1.552144017158751,0.0
sdxl_rich,sdxl_0174.png,3.296450302954618,3,0.16118828243961492,0.0,3,0.16118828243961492,0.0,3,0.16118828243961492,0.0,3,0.16118828243961492,0.0
sdxl_rich,sdxl_0175.png,31.366725030738078,2,0.2895403447063387,0.0,2,0.2895403447063387,0.0,2,0.2895403447063387,0.0,2,0.2895403447063387,0.0
sdxl_rich,sdxl_0181.png,339.42898029582335,3,3.2108429445518887,0.0,3,3.2108429445518887,0.0,3,3.2108429445518887,0.0,3,3.2108429445518887,0.0
sdxl_rich,sdxl_0183.png,4281.8546312643275,2,,0.5,2,,0.5,2,,0.5,2,,0.5
sdxl_rich,sdxl_0184.png,35.56688244248862,2,,0.5,2,,0.5,2,,0.5,2,,0.5
sdxl_rich,sdxl_0187.png,495.8064090490301,2,3.0138684807658898,0.0,2,3.0138684807658898,0.0,2,3.0138684807658898,0.0,2,3.0138684807658898,0.0
sdxl_rich,sdxl_0190.png,9.556424300489097,4,0.15725263543763734,0.0,4,0.15725263543763734,0.0,4,0.15725263543763734,0.0,4,0.15725263543763734,0.0
sdxl_rich,sdxl_0192.png,97.40275876978443,2,0.43126756833762503,0.0,2,0.43126756833762503,0.0,2,0.43126756833762503,0.0,2,0.43126756833762503,0.0
sdxl_rich,sdxl_0193.png,125.2202075395223,2,0.5294641062628678,0.0,2,0.5294641062628678,0.0,2,0.5294641062628678,0.0,2,0.5294641062628678,0.0
sdxl_rich,sdxl_0196.png,1.2563666091700858,4,,0.75,4,,0.75,4,,0.75,4,,0.75
sdxl_rich,sdxl_0197.png,37.457220333426,4,0.6768431221483411,0.0,4,0.6768431221483411,0.0,4,0.6768431221483411,0.0,4,0.6768431221483411,0.0
sdxl_rich,sdxl_0198.png,202.70096201871246,4,0.15704278629294155,0.25,4,0.15704278629294155,0.25,4,0.15704278629294155,0.25,4,0.15704278629294155,0.25
sdxl_rich,sdxl_0203.png,170.5060605689086,2,,0.5,2,,0.5,2,,0.5,2,,0.5
sdxl_rich,sdxl_0205.png,336.9885457407249,2,,0.5,2,,0.5,2,,0.5,2,,0.5
sdxl_rich,sdxl_0207.png,112.94650982209217,2,,1.0,2,,1.0,2,,1.0,2,,1.0
sdxl_rich,sdxl_0209.png,760.4239370777174,4,,1.0,4,,1.0,4,,1.0,4,,1.0
sdxl_rich,sdxl_0211.png,0.3684699839534241,4,,1.0,4,,1.0,4,,1.0,4,,1.0
sdxl_rich,sdxl_0212.png,1.4762232700816986,4,0.5015824309683516,0.5,4,0.5015824309683516,0.5,4,0.5015824309683516,0.5,0,,
sdxl_rich,sdxl_0213.png,25.087944641689642,4,1.16719739830973,0.5,4,1.16719739830973,0.5,4,1.16719739830973,0.5,4,1.16719739830973,0.5
sdxl_rich,sdxl_0214.png,110.40658171788358,2,0.05054571252383333,0.0,2,0.05054571252383333,0.0,2,0.05054571252383333,0.0,2,0.05054571252383333,0.0
sdxl_rich,sdxl_0215.png,598.8408030323887,3,,0.6666666666666666,3,,0.6666666666666666,3,,0.6666666666666666,3,,0.6666666666666666
sdxl_rich,sdxl_0219.png,401.25921394837854,4,,1.0,4,,1.0,4,,1.0,4,,1.0
sdxl_rich,sdxl_0220.png,43.94756495407383,2,0.11310764139269303,0.0,2,0.11310764139269303,0.0,2,0.11310764139269303,0.0,2,0.11310764139269303,0.0
sdxl_rich,sdxl_0221.png,146.9924147281504,2,0.543473757527269,0.0,2,0.543473757527269,0.0,2,0.543473757527269,0.0,2,0.543473757527269,0.0
sdxl_rich,sdxl_0225.png,97.86071989687687,2,0.06839244736107641,0.0,2,0.06839244736107641,0.0,2,0.06839244736107641,0.0,2,0.06839244736107641,0.0
sdxl_rich,sdxl_0227.png,222.2584675223517,2,0.2584475178923489,0.0,2,0.2584475178923489,0.0,2,0.2584475178923489,0.0,2,0.2584475178923489,0.0
sdxl_rich,sdxl_0229.png,28.83433570382213,3,0.018766965376711298,0.3333333333333333,3,0.018766965376711298,0.3333333333333333,3,0.018766965376711298,0.3333333333333333,3,0.018766965376711298,0.3333333333333333
sdxl_rich,sdxl_0231.png,886.7964217090071,3,,1.0,3,,1.0,3,,1.0,3,,1.0
sdxl_rich,sdxl_0235.png,1106.0412012724505,2,,0.5,2,,0.5,2,,0.5,2,,0.5
sdxl_rich,sdxl_0237.png,102.03115638320247,3,0.04619528920517624,0.3333333333333333,3,0.04619528920517624,0.3333333333333333,3,0.04619528920517624,0.3333333333333333,3,0.04619528920517624,0.3333333333333333
sdxl_rich,sdxl_0241.png,12.291604418754748,4,0.470820674899878,0.0,4,0.470820674899878,0.0,4,0.470820674899878,0.0,4,0.470820674899878,0.0
sdxl_rich,sdxl_0242.png,2877.376501116604,2,0.3990927481703661,0.0,2,0.3990927481703661,0.0,2,0.3990927481703661,0.0,2,0.3990927481703661,0.0
sdxl_rich,sdxl_0243.png,0.04786007665885528,4,1.0103068045750723,0.5,4,1.0499387609534994,0.25,4,1.0499387609534994,0.25,4,1.0499387609534994,0.25
sdxl_rich,sdxl_0245.png,66.1282905546161,4,0.2968863048187229,0.0,4,0.2968863048187229,0.0,4,0.2968863048187229,0.0,4,0.2968863048187229,0.0
sdxl_rich,sdxl_0247.png,354.18814515535473,2,0.21427819331080222,0.0,2,0.21427819331080222,0.0,2,0.21427819331080222,0.0,2,0.21427819331080222,0.0
sd15_rich,sd15_0003.png,453.9034781520872,4,2.32205245315755,0.5,4,2.32205245315755,0.5,4,2.32205245315755,0.5,4,2.32205245315755,0.5
sd15_rich,sd15_0006.png,92.49081617600262,4,1.2643786293923442,0.5,4,1.2643786293923442,0.5,4,1.2643786293923442,0.5,4,1.2643786293923442,0.5
sd15_rich,sd15_0012.png,13.180095936622482,2,,0.5,2,,0.5,2,,0.5,2,,0.5
sd15_rich,sd15_0013.png,37.957592461721674,2,,0.5,2,,0.5,2,,0.5,2,,0.5
sd15_rich,sd15_0015.png,355.0073992685073,3,2.1594321303127018,0.3333333333333333,3,2.1594321303127018,0.3333333333333333,3,2.1594321303127018,0.3333333333333333,3,2.1594321303127018,0.3333333333333333
sd15_rich,sd15_0016.png,13.579373307744582,4,0.4231757885245262,0.5,4,0.4231757885245262,0.5,4,0.4231757885245262,0.5,4,0.4231757885245262,0.5
sd15_rich,sd15_0018.png,42.57752828694992,4,0.5691862876024807,0.0,4,0.5691862876024807,0.0,4,0.5691862876024807,0.0,4,0.5691862876024807,0.0
sd15_rich,sd15_0021.png,117.10115120761502,4,0.99615262729934,0.0,4,0.99615262729934,0.0,4,0.99615262729934,0.0,4,0.99615262729934,0.0
sd15_rich,sd15_0027.png,249.52860417764882,2,,1.0,2,,1.0,2,,1.0,2,,1.0
sd15_rich,sd15_0028.png,86.62894467869562,3,0.09599436490916169,0.0,3,0.09599436490916169,0.0,3,0.09599436490916169,0.0,3,0.09599436490916169,0.0
sd15_rich,sd15_0031.png,509.26215492489945,3,,0.6666666666666666,3,,0.6666666666666666,3,,0.6666666666666666,3,,0.6666666666666666
sd15_rich,sd15_0033.png,338.27275476990565,3,0.14991762622975724,0.3333333333333333,3,0.14991762622975724,0.3333333333333333,3,0.14991762622975724,0.3333333333333333,3,0.14991762622975724,0.3333333333333333
sd15_rich,sd15_0035.png,124.37210626456417,3,1.1420655816533314,0.3333333333333333,3,1.1420655816533314,0.3333333333333333,3,1.1420655816533314,0.3333333333333333,3,1.1420655816533314,0.3333333333333333
sd15_rich,sd15_0037.png,29080.79984404594,0,,,0,,,0,,,0,,
sd15_rich,sd15_0041.png,37.184933801338666,4,0.7230657417745849,0.0,4,0.7230657417745849,0.0,4,0.7230657417745849,0.0,4,0.7230657417745849,0.0
sd15_rich,sd15_0043.png,72.0759898297391,2,,0.5,2,,0.5,2,,0.5,2,,0.5
sd15_rich,sd15_0045.png,26.046656546030444,3,0.3547765674782726,0.0,3,0.3547765674782726,0.0,3,0.3547765674782726,0.0,3,0.3547765674782726,0.0
sd15_rich,sd15_0047.png,105.93091926664815,2,,0.5,2,,0.5,2,,0.5,2,,0.5
sd15_rich,sd15_0049.png,14.238746204141902,4,0.411314952057527,0.0,4,0.411314952057527,0.0,4,0.411314952057527,0.0,4,0.411314952057527,0.0
sd15_rich,sd15_0050.png,13.801273902781162,3,0.2516484597860522,0.0,3,0.2516484597860522,0.0,3,0.2516484597860522,0.0,3,0.2516484597860522,0.0
sd15_rich,sd15_0051.png,1132.3694301459939,4,1.6006671492777222,0.25,4,1.6006671492777222,0.25,4,1.6006671492777222,0.25,4,1.6006671492777222,0.25
sd15_rich,sd15_0052.png,2040.1942323792136,2,0.23369936029201277,0.0,2,0.23369936029201277,0.0,2,0.23369936029201277,0.0,2,0.23369936029201277,0.0
sd15_rich,sd15_0053.png,245.37299487781803,3,,0.6666666666666666,3,,0.6666666666666666,3,,0.6666666666666666,3,,0.6666666666666666
sd15_rich,sd15_0054.png,138.97755815455082,2,0.09420482464170021,0.0,2,0.09420482464170021,0.0,2,0.09420482464170021,0.0,2,0.09420482464170021,0.0
sd15_rich,sd15_0060.png,21.89322898729781,4,0.3170669207923327,0.25,4,0.3170669207923327,0.25,4,0.3170669207923327,0.25,4,0.3170669207923327,0.25
sd15_rich,sd15_0062.png,3.4354198043549578,4,0.22453308267073702,0.5,4,0.22453308267073702,0.5,4,0.22453308267073702,0.5,4,0.22453308267073702,0.5
sd15_rich,sd15_0063.png,209.5590999716918,2,,1.0,2,,1.0,2,,1.0,2,,1.0
sd15_rich,sd15_0065.png,277055.93643882626,0,,,0,,,0,,,0,,
sd15_rich,sd15_0066.png,42.0149636881753,3,,1.0,3,,1.0,3,,1.0,3,,1.0
sd15_rich,sd15_0067.png,278.35138532458075,3,,0.6666666666666666,3,,0.6666666666666666,3,,0.6666666666666666,3,,0.6666666666666666
sd15_rich,sd15_0074.png,10.970782067073872,4,0.5871372668031842,0.5,4,0.5871372668031842,0.5,4,0.5871372668031842,0.5,4,0.5871372668031842,0.5
sd15_rich,sd15_0075.png,153.84535807706544,2,0.424491910061489,0.0,2,0.424491910061489,0.0,2,0.424491910061489,0.0,2,0.424491910061489,0.0
sd15_rich,sd15_0076.png,42.14733368617279,3,,0.6666666666666666,3,,0.6666666666666666,3,,0.6666666666666666,3,,0.6666666666666666
sd15_rich,sd15_0077.png,9.903655101230411,4,1.0852494002383466,0.25,4,1.0852494002383466,0.25,4,1.0852494002383466,0.25,4,1.0852494002383466,0.25
sd15_rich,sd15_0079.png,113.3890914540739,3,0.16061734246660286,0.0,3,0.16061734246660286,0.0,3,0.16061734246660286,0.0,3,0.16061734246660286,0.0
sd15_rich,sd15_0085.png,38734.4931385113,0,,,0,,,0,,,0,,
sd15_rich,sd15_0093.png,29.402769503296827,4,0.8466273826307598,0.25,4,0.8466273826307598,0.25,4,0.8466273826307598,0.25,4,0.8466273826307598,0.25
sd15_rich,sd15_0097.png,33.43017075279779,4,0.6872109758029099,0.25,4,0.6872109758029099,0.25,4,0.6872109758029099,0.25,4,0.6872109758029099,0.25
sd15_rich,sd15_0101.png,1036.542595230002,3,2.257659831707695,0.0,3,2.257659831707695,0.0,3,2.257659831707695,0.0,3,2.257659831707695,0.0
sd15_rich,sd15_0107.png,71.15623371983371,3,0.11853948192881614,0.3333333333333333,3,0.11853948192881614,0.3333333333333333,3,0.11853948192881614,0.3333333333333333,3,0.11853948192881614,0.3333333333333333
sd15_rich,sd15_0109.png,35.4609362170274,4,1.4063321150115948,0.0,4,1.4063321150115948,0.0,4,1.4063321150115948,0.0,4,1.4063321150115948,0.0
sd15_rich,sd15_0117.png,66.2396728918019,4,0.8093724409911589,0.0,4,0.8093724409911589,0.0,4,0.8093724409911589,0.0,4,0.8093724409911589,0.0
sd15_rich,sd15_0123.png,533.0879416467646,2,,0.5,2,,0.5,2,,0.5,2,,0.5
sd15_rich,sd15_0125.png,44.06989787113245,3,,1.0,3,,1.0,3,,1.0,3,,1.0
sd15_rich,sd15_0126.png,38.888256056543504,2,0.585433301265744,0.0,2,0.585433301265744,0.0,2,0.585433301265744,0.0,2,0.585433301265744,0.0
sd15_rich,sd15_0127.png,873.4583261554906,2,,1.0,2,,1.0,2,,1.0,2,,1.0
sd15_rich,sd15_0130.png,13.344448148945373,3,0.2353651179542844,0.0,3,0.2353651179542844,0.0,3,0.2353651179542844,0.0,3,0.2353651179542844,0.0
sd15_rich,sd15_0131.png,76.12629756091661,2,,1.0,2,,1.0,2,,1.0,2,,1.0
sd15_rich,sd15_0133.png,277.6254282838455,3,0.328246437071809,0.3333333333333333,3,0.328246437071809,0.3333333333333333,3,0.328246437071809,0.3333333333333333,3,0.328246437071809,0.3333333333333333
sd15_rich,sd15_0135.png,95.73675320285373,3,1.806851867842222,0.3333333333333333,3,1.806851867842222,0.3333333333333333,3,1.806851867842222,0.3333333333333333,3,1.806851867842222,0.3333333333333333
sd15_rich,sd15_0139.png,227.08705538956,2,,0.5,2,,0.5,2,,0.5,2,,0.5
sd15_rich,sd15_0141.png,50.93580234442782,4,,0.75,4,,0.75,4,,0.75,4,,0.75
sd15_rich,sd15_0143.png,48.89443180358703,3,,0.6666666666666666,3,,0.6666666666666666,3,,0.6666666666666666,3,,0.6666666666666666
sd15_rich,sd15_0145.png,150.91740101476123,2,0.23753925500110462,0.0,2,0.23753925500110462,0.0,2,0.23753925500110462,0.0,2,0.23753925500110462,0.0
sd15_rich,sd15_0147.png,37.4429260731963,3,,0.6666666666666666,3,,0.6666666666666666,3,,0.6666666666666666,3,,0.6666666666666666
sd15_rich,sd15_0149.png,138.7127987441071,2,0.012679968943925424,0.0,2,0.012679968943925424,0.0,2,0.012679968943925424,0.0,2,0.012679968943925424,0.0
sd15_rich,sd15_0157.png,75.89375733339719,3,2.712878636528157,0.0,3,2.712878636528157,0.0,3,2.712878636528157,0.0,3,2.712878636528157,0.0
sd15_rich,sd15_0163.png,32.64502468930653,2,,1.0,2,,1.0,2,,1.0,2,,1.0
sd15_rich,sd15_0165.png,916.6153266348819,3,,1.0,3,,1.0,3,,1.0,3,,1.0
sd15_rich,sd15_0171.png,47.044907262081296,2,0.32726739926478654,0.0,2,0.32726739926478654,0.0,2,0.32726739926478654,0.0,2,0.32726739926478654,0.0
sd15_rich,sd15_0172.png,38706.30473122362,0,,,0,,,0,,,0,,
sd15_rich,sd15_0173.png,,0,,,0,,,0,,,0,,
sd15_rich,sd15_0175.png,226.65786811802545,3,,1.0,3,,1.0,3,,1.0,3,,1.0
sd15_rich,sd15_0177.png,54.82354185850496,2,0.1016423123506831,0.0,2,0.1016423123506831,0.0,2,0.1016423123506831,0.0,2,0.1016423123506831,0.0
sd15_rich,sd15_0178.png,118.15119392432081,4,1.1938120617787105,0.0,4,1.1938120617787105,0.0,4,1.1938120617787105,0.0,4,1.1938120617787105,0.0
sd15_rich,sd15_0179.png,406.763527196884,4,1.120126363331484,0.5,4,1.120126363331484,0.5,4,1.120126363331484,0.5,4,1.120126363331484,0.5
sd15_rich,sd15_0181.png,168.28271667497498,3,,1.0,3,,1.0,3,,1.0,3,,1.0
sd15_rich,sd15_0182.png,163.8653584720279,3,0.7091149626072468,0.3333333333333333,3,0.7091149626072468,0.3333333333333333,3,0.7091149626072468,0.3333333333333333,3,0.7091149626072468,0.3333333333333333
sd15_rich,sd15_0188.png,61.754454807733374,4,,1.0,4,,1.0,4,,1.0,4,,1.0
sd15_rich,sd15_0189.png,56.460158410917266,4,0.7369887482028847,0.0,4,0.7369887482028847,0.0,4,0.7369887482028847,0.0,4,0.7369887482028847,0.0
sd15_rich,sd15_0191.png,78.54167670626423,2,,1.0,2,,1.0,2,,1.0,2,,1.0
sd15_rich,sd15_0194.png,12.815261315648625,4,0.9551456114889172,0.0,4,0.9551456114889172,0.0,4,0.9551456114889172,0.0,4,0.9551456114889172,0.0
sd15_rich,sd15_0197.png,7.977630079905411,3,,0.6666666666666666,3,,0.6666666666666666,3,,0.6666666666666666,3,,0.6666666666666666
sd15_rich,sd15_0203.png,201.66960244288552,2,,0.5,2,,0.5,2,,0.5,2,,0.5
sd15_rich,sd15_0204.png,58.868118455573885,3,,1.0,3,,1.0,3,,1.0,3,,1.0
sd15_rich,sd15_0206.png,104.71602353060197,2,0.3244891917145125,0.0,2,0.3244891917145125,0.0,2,0.3244891917145125,0.0,2,0.3244891917145125,0.0
sd15_rich,sd15_0207.png,122.38791983805552,2,,0.5,2,,0.5,2,,0.5,2,,0.5
sd15_rich,sd15_0208.png,33.925382042294736,3,0.03298331116770292,0.3333333333333333,3,0.03298331116770292,0.3333333333333333,3,0.03298331116770292,0.3333333333333333,3,0.03298331116770292,0.3333333333333333
sd15_rich,sd15_0210.png,340.07843409132875,4,,1.0,4,,1.0,4,,1.0,4,,1.0
sd15_rich,sd15_0213.png,90.29974392753432,3,0.074109932737076,0.3333333333333333,3,0.074109932737076,0.3333333333333333,3,0.074109932737076,0.3333333333333333,3,0.074109932737076,0.3333333333333333
sd15_rich,sd15_0219.png,2011.4427925977639,2,,0.5,2,,0.5,2,,0.5,2,,0.5
sd15_rich,sd15_0220.png,3.9567972457182363,3,0.30257472053662227,0.0,3,0.30257472053662227,0.0,3,0.30257472053662227,0.0,3,0.30257472053662227,0.0
sd15_rich,sd15_0221.png,58.83959998526979,4,0.4654176288509193,0.25,4,0.4654176288509193,0.25,4,0.4654176288509193,0.25,4,0.4654176288509193,0.25
sd15_rich,sd15_0223.png,51.54010879844336,4,,0.75,4,,0.75,4,,0.75,4,,0.75
sd15_rich,sd15_0225.png,106.14660946406869,3,0.030003816031210384,0.3333333333333333,3,0.030003816031210384,0.3333333333333333,3,0.030003816031210384,0.3333333333333333,3,0.030003816031210384,0.3333333333333333
sd15_rich,sd15_0229.png,162.35689180696946,2,,0.5,2,,0.5,2,,0.5,2,,0.5
sd15_rich,sd15_0237.png,33.49265545414185,4,0.7560746866994181,0.5,4,0.7560746866994181,0.5,4,0.7560746866994181,0.5,4,0.7560746866994181,0.5
sd15_rich,sd15_0239.png,28.286773883589667,4,0.4791101431754381,0.25,4,0.4791101431754381,0.25,4,0.4791101431754381,0.25,4,0.4791101431754381,0.25
sd15_rich,sd15_0242.png,72.14421521388661,4,0.6245814272743146,0.0,4,0.6245814272743146,0.0,4,0.6245814272743146,0.0,4,0.6245814272743146,0.0
sd15_rich,sd15_0243.png,36.49257629498428,2,,1.0,2,,1.0,2,,1.0,2,,1.0
sd15_rich,sd15_0244.png,6.703802101343238,3,0.09432137811727248,0.3333333333333333,3,0.09432137811727248,0.3333333333333333,3,0.09432137811727248,0.3333333333333333,3,0.09432137811727248,0.3333333333333333
sd15_rich,sd15_0245.png,17.443709141608732,3,0.08681066323294306,0.0,3,0.08681066323294306,0.0,3,0.08681066323294306,0.0,3,0.08681066323294306,0.0
sdxl_pilot,sdxl_0005.png,65.62357869162737,3,,0.6666666666666666,3,,0.6666666666666666,3,,0.6666666666666666,3,,0.6666666666666666
sdxl_pilot,sdxl_0011.png,281.4601268990211,3,,0.6666666666666666,3,,0.6666666666666666,3,,0.6666666666666666,3,,0.6666666666666666
sdxl_pilot,sdxl_0012.png,21.700953531277637,4,1.0053787508713468,0.0,4,1.0053787508713468,0.0,4,1.0053787508713468,0.0,4,1.0053787508713468,0.0
sdxl_pilot,sdxl_0013.png,226.03783880307728,4,,0.75,4,,0.75,4,,0.75,4,,0.75
sdxl_pilot,sdxl_0015.png,114.86663216250068,3,2.5623249417684413,0.3333333333333333,3,2.5623249417684413,0.3333333333333333,3,2.5623249417684413,0.3333333333333333,3,2.5623249417684413,0.3333333333333333
sdxl_pilot,sdxl_0016.png,117.13423387742618,4,0.6064566355952747,0.0,4,0.6064566355952747,0.0,4,0.6064566355952747,0.0,4,0.6064566355952747,0.0
sdxl_pilot,sdxl_0018.png,235.83852231832188,2,,0.5,2,,0.5,2,,0.5,2,,0.5
sdxl_pilot,sdxl_0019.png,18.17930460381518,2,0.0682795951768993,0.0,2,0.0682795951768993,0.0,2,0.0682795951768993,0.0,2,0.0682795951768993,0.0
sdxl_pilot,sdxl_0020.png,622.3419781708445,2,,0.5,2,,0.5,2,,0.5,2,,0.5
sdxl_pilot,sdxl_0025.png,1079.744054458054,2,,0.5,2,,0.5,2,,0.5,2,,0.5
sdxl_pilot,sdxl_0028.png,1939.8549335050716,2,0.08190269443291243,0.0,2,0.08190269443291243,0.0,2,0.08190269443291243,0.0,2,0.08190269443291243,0.0
sdxl_pilot,sdxl_0032.png,19.46550900053128,3,2.0743978282453313,0.0,3,2.0743978282453313,0.0,3,2.0743978282453313,0.0,3,2.0743978282453313,0.0
sdxl_pilot,sdxl_0035.png,11.790418669039422,3,,0.6666666666666666,3,,0.6666666666666666,3,,0.6666666666666666,3,,0.6666666666666666
sdxl_pilot,sdxl_0036.png,341.267667492577,4,0.7884987534416306,0.5,4,0.7884987534416306,0.5,4,0.7884987534416306,0.5,4,0.7884987534416306,0.5
sdxl_pilot,sdxl_0038.png,58.87843449329772,2,,0.5,2,,0.5,2,,0.5,2,,0.5
sdxl_pilot,sdxl_0039.png,27.101375930164252,2,,0.5,2,,0.5,2,,0.5,2,,0.5
sdxl_pilot,sdxl_0043.png,495.31894602594645,3,0.10134437777639604,0.3333333333333333,3,0.10134437777639604,0.3333333333333333,3,0.10134437777639604,0.3333333333333333,3,0.10134437777639604,0.3333333333333333
sdxl_pilot,sdxl_0045.png,413.28499906027054,4,1.4930784903279806,0.5,4,1.4930784903279806,0.5,4,1.4930784903279806,0.5,4,1.4930784903279806,0.5
sdxl_pilot,sdxl_0048.png,9.820291726756533,2,,0.5,2,,0.5,2,,0.5,2,,0.5
sdxl_pilot,sdxl_0049.png,12495.305058000882,1,,1.0,1,,1.0,1,,1.0,1,,1.0
sdxl_pilot,sdxl_0052.png,91.10316323061426,2,,0.5,2,,0.5,2,,0.5,2,,0.5
sdxl_pilot,sdxl_0053.png,125.4602630868296,4,,0.75,4,,0.75,4,,0.75,4,,0.75
sdxl_pilot,sdxl_0054.png,655.2166718412949,2,,1.0,2,,1.0,2,,1.0,2,,1.0
sdxl_pilot,sdxl_0056.png,38.73489670522539,4,0.985170028153199,0.0,4,0.985170028153199,0.0,4,0.985170028153199,0.0,4,0.985170028153199,0.0
sdxl_pilot,sdxl_0057.png,711.7263991325246,1,,1.0,1,,1.0,1,,1.0,1,,1.0
sdxl_pilot,sdxl_0059.png,56.74074358335996,3,0.42172086107973517,0.3333333333333333,3,0.42172086107973517,0.3333333333333333,3,0.42172086107973517,0.3333333333333333,3,0.42172086107973517,0.3333333333333333
sdxl_pilot,sdxl_0061.png,186.5418848064538,2,,1.0,2,,1.0,2,,1.0,2,,1.0
sdxl_pilot,sdxl_0063.png,17.42709931762709,4,,0.75,4,,0.75,4,,0.75,4,,0.75
sdxl_pilot,sdxl_0064.png,84.52104267976696,2,0.03047285025588664,0.0,2,0.03047285025588664,0.0,2,0.03047285025588664,0.0,2,0.03047285025588664,0.0
sdxl_pilot,sdxl_0068.png,3.3911946844524223,3,0.00884446779229009,0.3333333333333333,3,0.00884446779229009,0.3333333333333333,3,0.00884446779229009,0.3333333333333333,3,0.00884446779229009,0.3333333333333333
sdxl_pilot,sdxl_0071.png,585.7853471939125,4,,0.75,4,,0.75,4,,0.75,4,,0.75
sdxl_pilot,sdxl_0073.png,10.702833020174854,3,1.279004327377451,0.0,3,1.279004327377451,0.0,3,1.279004327377451,0.0,3,1.279004327377451,0.0
sdxl_pilot,sdxl_0074.png,353.3078620094739,2,,0.5,2,,0.5,2,,0.5,2,,0.5
sdxl_pilot,sdxl_0075.png,0.03435446798790501,2,,0.5,2,,1.0,2,,1.0,2,,1.0
sdxl_pilot,sdxl_0076.png,594.6069365462992,2,,1.0,2,,1.0,2,,1.0,2,,1.0
sdxl_pilot,sdxl_0079.png,10.430938296973984,2,,0.5,2,,0.5,2,,0.5,2,,0.5
sdxl_pilot,sdxl_0082.png,83.26158619728216,3,1.2851552644175772,0.0,3,1.2851552644175772,0.0,3,1.2851552644175772,0.0,3,1.2851552644175772,0.0
sdxl_pilot,sdxl_0083.png,58.188625319058445,3,,1.0,3,,1.0,3,,1.0,3,,1.0
sdxl_pilot,sdxl_0084.png,195.89787000805788,2,,1.0,2,,1.0,2,,1.0,2,,1.0
sdxl_pilot,sdxl_0085.png,1170.9865168131794,1,,1.0,1,,1.0,1,,1.0,1,,1.0
sdxl_pilot,sdxl_0093.png,0.06694934349669926,4,0.6072684564649098,0.25,4,2.304300555938699,0.25,4,2.304300555938699,0.25,4,2.304300555938699,0.25
sdxl_pilot,sdxl_0097.png,283.7058347100075,2,1.2455525213718852,0.0,2,1.2455525213718852,0.0,2,1.2455525213718852,0.0,2,1.2455525213718852,0.0
sdxl_pilot,sdxl_0099.png,21.926800213660645,2,0.7805884271200645,0.0,2,0.7805884271200645,0.0,2,0.7805884271200645,0.0,2,0.7805884271200645,0.0
sdxl_pilot,sdxl_0104.png,85.27814616107321,1,,0.0,1,,0.0,1,,0.0,1,,0.0
sdxl_pilot,sdxl_0105.png,437.68209992686513,2,,1.0,2,,1.0,2,,1.0,2,,1.0
sdxl_pilot,sdxl_0111.png,8.294314410910928,4,0.1577999223609261,0.0,4,0.1577999223609261,0.0,4,0.1577999223609261,0.0,4,0.1577999223609261,0.0
sdxl_pilot,sdxl_0113.png,0.0730462600052704,4,1.4313736333401748,0.25,4,0.3432913024111741,0.5,4,0.3432913024111741,0.5,4,0.3432913024111741,0.5
sdxl_pilot,sdxl_0114.png,2537.960394362227,4,,0.75,4,,0.75,4,,0.75,4,,0.75
sdxl_pilot,sdxl_0115.png,57.86845769798186,3,,0.6666666666666666,3,,0.6666666666666666,3,,0.6666666666666666,3,,0.6666666666666666
sdxl_pilot,sdxl_0119.png,405.10108239776224,2,0.041479573640783585,0.0,2,0.041479573640783585,0.0,2,0.041479573640783585,0.0,2,0.041479573640783585,0.0
sdxl_pilot,sdxl_0121.png,35.80427737185044,2,1.2548886456496948,0.0,2,1.2548886456496948,0.0,2,1.2548886456496948,0.0,2,1.2548886456496948,0.0
sdxl_pilot,sdxl_0124.png,3408.2915757455553,4,,1.0,4,,1.0,4,,1.0,4,,1.0
sdxl_pilot,sdxl_0125.png,127.03100763931464,2,,0.5,2,,0.5,2,,0.5,2,,0.5
sdxl_pilot,sdxl_0129.png,440.3787530911137,2,,0.5,2,,0.5,2,,0.5,2,,0.5
sdxl_pilot,sdxl_0130.png,62.83860931762492,4,1.0095877083142915,0.25,4,1.0095877083142915,0.25,4,1.0095877083142915,0.25,4,1.0095877083142915,0.25
sdxl_pilot,sdxl_0131.png,175.79703837592817,4,0.3898354920670828,0.25,4,0.3898354920670828,0.25,4,0.3898354920670828,0.25,4,0.3898354920670828,0.25
sdxl_pilot,sdxl_0133.png,145.43983729408973,2,,0.5,2,,0.5,2,,0.5,2,,0.5
sdxl_pilot,sdxl_0135.png,638.5055858651696,3,,1.0,3,,1.0,3,,1.0,3,,1.0
sdxl_pilot,sdxl_0136.png,112.35908396625493,3,0.5791105977668831,0.0,3,0.5791105977668831,0.0,3,0.5791105977668831,0.0,3,0.5791105977668831,0.0
sdxl_pilot,sdxl_0142.png,64.90091221070288,4,1.0600865601272957,0.0,4,1.0600865601272957,0.0,4,1.0600865601272957,0.0,4,1.0600865601272957,0.0
sdxl_pilot,sdxl_0151.png,3.766948668638976,4,1.032555988513269,0.0,4,1.032555988513269,0.0,4,1.032555988513269,0.0,4,1.032555988513269,0.0
sdxl_pilot,sdxl_0155.png,29.997447145248973,2,0.2554433581291988,0.0,2,0.2554433581291988,0.0,2,0.2554433581291988,0.0,2,0.2554433581291988,0.0
sdxl_pilot,sdxl_0159.png,96.41905429373678,3,0.39977039986215956,0.3333333333333333,3,0.39977039986215956,0.3333333333333333,3,0.39977039986215956,0.3333333333333333,3,0.39977039986215956,0.3333333333333333
sdxl_pilot,sdxl_0161.png,66.5887629228936,1,,1.0,1,,1.0,1,,1.0,1,,1.0
sdxl_pilot,sdxl_0165.png,1163.988536349348,2,,0.5,2,,0.5,2,,0.5,2,,0.5
sdxl_pilot,sdxl_0169.png,110.27783478879164,2,0.1927851284681772,0.0,2,0.1927851284681772,0.0,2,0.1927851284681772,0.0,2,0.1927851284681772,0.0
sdxl_pilot,sdxl_0171.png,123.96288772905847,4,0.38526563635922084,0.25,4,0.38526563635922084,0.25,4,0.38526563635922084,0.25,4,0.38526563635922084,0.25
sdxl_pilot,sdxl_0173.png,160.7815560022037,3,0.8801214937850004,0.0,3,0.8801214937850004,0.0,3,0.8801214937850004,0.0,3,0.8801214937850004,0.0
sdxl_pilot,sdxl_0175.png,217.31294466134767,3,,0.6666666666666666,3,,0.6666666666666666,3,,0.6666666666666666,3,,0.6666666666666666
sdxl_pilot,sdxl_0177.png,414.09909899792666,3,0.322745599619509,0.3333333333333333,3,0.322745599619509,0.3333333333333333,3,0.322745599619509,0.3333333333333333,3,0.322745599619509,0.3333333333333333
sdxl_pilot,sdxl_0181.png,40.0566761579291,2,0.28706800807352906,0.0,2,0.28706800807352906,0.0,2,0.28706800807352906,0.0,2,0.28706800807352906,0.0
sdxl_pilot,sdxl_0182.png,35.876115761987045,3,0.4231106374378726,0.0,3,0.4231106374378726,0.0,3,0.4231106374378726,0.0,3,0.4231106374378726,0.0
sdxl_pilot,sdxl_0185.png,642.1908472712604,2,,0.5,2,,0.5,2,,0.5,2,,0.5
sdxl_pilot,sdxl_0189.png,34.38280362811057,2,0.8216500979650565,0.0,2,0.8216500979650565,0.0,2,0.8216500979650565,0.0,2,0.8216500979650565,0.0
sdxl_pilot,sdxl_0191.png,131.50063486631907,4,,1.0,4,,1.0,4,,1.0,4,,1.0
sdxl_pilot,sdxl_0193.png,118.70686529064697,2,,0.5,2,,0.5,2,,0.5,2,,0.5
sdxl_pilot,sdxl_0195.png,52.66874179224966,4,,0.75,4,,0.75,4,,0.75,4,,0.75
sdxl_pilot,sdxl_0196.png,16.674513865475653,3,0.10386236424197026,0.0,3,0.10386236424197026,0.0,3,0.10386236424197026,0.0,3,0.10386236424197026,0.0
sdxl_pilot,sdxl_0198.png,231.492540785886,3,0.31024902190365644,0.0,3,0.31024902190365644,0.0,3,0.31024902190365644,0.0,3,0.31024902190365644,0.0
sd15_pilot,sd15_0005.png,24.070592168359134,4,0.08711569159390198,0.25,4,0.08711569159390198,0.25,4,0.08711569159390198,0.25,4,0.08711569159390198,0.25
sd15_pilot,sd15_0007.png,28.08182307711937,2,,1.0,2,,1.0,2,,1.0,2,,1.0
sd15_pilot,sd15_0014.png,103.15434938869132,4,1.7461259300048164,0.5,4,1.7461259300048164,0.5,4,1.7461259300048164,0.5,4,1.7461259300048164,0.5
sd15_pilot,sd15_0015.png,110.83041763795066,4,2.0125148664870327,0.25,4,2.0125148664870327,0.25,4,2.0125148664870327,0.25,4,2.0125148664870327,0.25
sd15_pilot,sd15_0016.png,78.78671446377358,4,0.5370671544104688,0.5,4,0.5370671544104688,0.5,4,0.5370671544104688,0.5,4,0.5370671544104688,0.5
sd15_pilot,sd15_0017.png,286.647410233994,3,0.29588624914564843,0.0,3,0.29588624914564843,0.0,3,0.29588624914564843,0.0,3,0.29588624914564843,0.0
sd15_pilot,sd15_0018.png,23.254012696243812,4,0.9639596896272202,0.25,4,0.9639596896272202,0.25,4,0.9639596896272202,0.25,4,0.9639596896272202,0.25
sd15_pilot,sd15_0019.png,8.049676242173145,3,0.5977419034445779,0.0,3,0.5977419034445779,0.0,3,0.5977419034445779,0.0,3,0.5977419034445779,0.0
sd15_pilot,sd15_0022.png,21.000660191042808,4,0.6537481230588424,0.5,4,0.6537481230588424,0.5,4,0.6537481230588424,0.5,4,0.6537481230588424,0.5
sd15_pilot,sd15_0023.png,34.61676541816927,2,,1.0,2,,1.0,2,,1.0,2,,1.0
sd15_pilot,sd15_0025.png,217.410639681323,3,1.936688037713397,0.3333333333333333,3,1.936688037713397,0.3333333333333333,3,1.936688037713397,0.3333333333333333,3,1.936688037713397,0.3333333333333333
sd15_pilot,sd15_0031.png,14.725991654307679,3,0.1259775633655993,0.3333333333333333,3,0.1259775633655993,0.3333333333333333,3,0.1259775633655993,0.3333333333333333,3,0.1259775633655993,0.3333333333333333
sd15_pilot,sd15_0033.png,374.1954534000783,4,1.2814185965034524,0.0,4,1.2814185965034524,0.0,4,1.2814185965034524,0.0,4,1.2814185965034524,0.0
sd15_pilot,sd15_0045.png,99.5783233911935,2,0.02587962620889428,0.0,2,0.02587962620889428,0.0,2,0.02587962620889428,0.0,2,0.02587962620889428,0.0
sd15_pilot,sd15_0048.png,79.67773712969077,4,,1.0,4,,1.0,4,,1.0,4,,1.0
sd15_pilot,sd15_0051.png,32.708090616140105,4,2.227967436372448,0.25,4,2.227967436372448,0.25,4,2.227967436372448,0.25,4,2.227967436372448,0.25
sd15_pilot,sd15_0053.png,72.61974440702618,2,,1.0,2,,1.0,2,,1.0,2,,1.0
sd15_pilot,sd15_0055.png,3.4340765970361247,4,2.498794768507027,0.5,4,2.498794768507027,0.5,4,2.498794768507027,0.5,4,2.498794768507027,0.5
sd15_pilot,sd15_0059.png,11.614318170029609,3,0.17717730348699412,0.0,3,0.17717730348699412,0.0,3,0.17717730348699412,0.0,3,0.17717730348699412,0.0
sd15_pilot,sd15_0061.png,30.902536796880813,2,,0.5,2,,0.5,2,,0.5,2,,0.5
sd15_pilot,sd15_0065.png,120.26683283387369,3,,0.6666666666666666,3,,0.6666666666666666,3,,0.6666666666666666,3,,0.6666666666666666
sd15_pilot,sd15_0068.png,7.666268721562838,3,0.17930186323393293,0.0,3,0.17930186323393293,0.0,3,0.17930186323393293,0.0,3,0.17930186323393293,0.0
sd15_pilot,sd15_0071.png,18.30091140909466,4,1.7827084937929296,0.5,4,1.7827084937929296,0.5,4,1.7827084937929296,0.5,4,1.7827084937929296,0.5
sd15_pilot,sd15_0075.png,181.54136851598034,4,2.917954805840357,0.25,4,2.917954805840357,0.25,4,2.917954805840357,0.25,4,2.917954805840357,0.25
sd15_pilot,sd15_0077.png,23.19254861065188,2,0.054281676016530334,0.0,2,0.054281676016530334,0.0,2,0.054281676016530334,0.0,2,0.054281676016530334,0.0
sd15_pilot,sd15_0079.png,42.84557358185445,2,,1.0,2,,1.0,2,,1.0,2,,1.0
sd15_pilot,sd15_0085.png,14.65434061789545,2,0.004910367845150532,0.0,2,0.004910367845150532,0.0,2,0.004910367845150532,0.0,2,0.004910367845150532,0.0
sd15_pilot,sd15_0086.png,18.105283852711988,4,0.201113080588593,0.0,4,0.201113080588593,0.0,4,0.201113080588593,0.0,4,0.201113080588593,0.0
sd15_pilot,sd15_0091.png,7.508417701339395,3,2.2124274916096436,0.0,3,2.2124274916096436,0.0,3,2.2124274916096436,0.0,3,2.2124274916096436,0.0
sd15_pilot,sd15_0093.png,150.593635872525,2,1.3510410706091713,0.0,2,1.3510410706091713,0.0,2,1.3510410706091713,0.0,2,1.3510410706091713,0.0
sd15_pilot,sd15_0094.png,27.510466280154652,4,1.3110193442951585,0.0,4,1.3110193442951585,0.0,4,1.3110193442951585,0.0,4,1.3110193442951585,0.0
sd15_pilot,sd15_0097.png,519.0674093184028,4,,0.75,4,,0.75,4,,0.75,4,,0.75
sd15_pilot,sd15_0105.png,41.407744060816846,3,0.5580372836566552,0.0,3,0.5580372836566552,0.0,3,0.5580372836566552,0.0,3,0.5580372836566552,0.0
sd15_pilot,sd15_0113.png,172.7923695587767,3,0.8164838048099892,0.0,3,0.8164838048099892,0.0,3,0.8164838048099892,0.0,3,0.8164838048099892,0.0
sd15_pilot,sd15_0115.png,95.10587556228597,3,0.5859893647764052,0.0,3,0.5859893647764052,0.0,3,0.5859893647764052,0.0,3,0.5859893647764052,0.0
sd15_pilot,sd15_0119.png,9.029969482281148,2,0.017733623309594826,0.0,2,0.017733623309594826,0.0,2,0.017733623309594826,0.0,2,0.017733623309594826,0.0
sd15_pilot,sd15_0121.png,78.073355937085,2,,0.5,2,,0.5,2,,0.5,2,,0.5
sd15_pilot,sd15_0124.png,30.561521704639926,2,0.01555023410671108,0.0,2,0.01555023410671108,0.0,2,0.01555023410671108,0.0,2,0.01555023410671108,0.0
sd15_pilot,sd15_0125.png,22.468408551507437,2,0.38145043165421644,0.0,2,0.38145043165421644,0.0,2,0.38145043165421644,0.0,2,0.38145043165421644,0.0
sd15_pilot,sd15_0126.png,138.32866493960248,2,1.7975115586773,0.0,2,1.7975115586773,0.0,2,1.7975115586773,0.0,2,1.7975115586773,0.0
sd15_pilot,sd15_0134.png,28.543364096631493,3,0.8606230453269763,0.0,3,0.8606230453269763,0.0,3,0.8606230453269763,0.0,3,0.8606230453269763,0.0
sd15_pilot,sd15_0137.png,761.4272110885383,2,,1.0,2,,1.0,2,,1.0,2,,1.0
sd15_pilot,sd15_0139.png,248.06913300545554,2,,1.0,2,,1.0,2,,1.0,2,,1.0
sd15_pilot,sd15_0145.png,10.315292529027776,3,0.12075371956364656,0.3333333333333333,3,0.12075371956364656,0.3333333333333333,3,0.12075371956364656,0.3333333333333333,3,0.12075371956364656,0.3333333333333333
sd15_pilot,sd15_0151.png,11.96337301384873,4,0.7836899955080279,0.0,4,0.7836899955080279,0.0,4,0.7836899955080279,0.0,4,0.7836899955080279,0.0
sd15_pilot,sd15_0152.png,36.15270731026146,2,,0.5,2,,0.5,2,,0.5,2,,0.5
sd15_pilot,sd15_0153.png,20.84485121069257,4,0.21095162336106288,0.0,4,0.21095162336106288,0.0,4,0.21095162336106288,0.0,4,0.21095162336106288,0.0
sd15_pilot,sd15_0161.png,47.38234667316903,4,,0.75,4,,0.75,4,,0.75,4,,0.75
sd15_pilot,sd15_0165.png,106.46695797703102,3,,1.0,3,,1.0,3,,1.0,3,,1.0
sd15_pilot,sd15_0166.png,21.620086026901546,3,0.3785473792471761,0.0,3,0.3785473792471761,0.0,3,0.3785473792471761,0.0,3,0.3785473792471761,0.0
sd15_pilot,sd15_0171.png,5.382466315210052,4,0.38382584705265366,0.0,4,0.38382584705265366,0.0,4,0.38382584705265366,0.0,4,0.38382584705265366,0.0
sd15_pilot,sd15_0172.png,67.0295148111749,4,,1.0,4,,1.0,4,,1.0,4,,1.0
sd15_pilot,sd15_0174.png,274.33273911529125,3,2.0841695151542243,0.3333333333333333,3,2.0841695151542243,0.3333333333333333,3,2.0841695151542243,0.3333333333333333,3,2.0841695151542243,0.3333333333333333
sd15_pilot,sd15_0175.png,30677.033629805304,0,,,0,,,0,,,0,,
sd15_pilot,sd15_0179.png,7.678954209571779,4,0.4449039896791511,0.25,4,0.4449039896791511,0.25,4,0.4449039896791511,0.25,4,0.4449039896791511,0.25
sd15_pilot,sd15_0184.png,14.147745959314117,4,0.8218714182784419,0.0,4,0.8218714182784419,0.0,4,0.8218714182784419,0.0,4,0.8218714182784419,0.0
sd15_pilot,sd15_0187.png,166.86819140214843,2,,0.5,2,,0.5,2,,0.5,2,,0.5
sd15_pilot,sd15_0194.png,54.09348079799056,3,0.5117001754483361,0.0,3,0.5117001754483361,0.0,3,0.5117001754483361,0.0,3,0.5117001754483361,0.0
sd15_pilot,sd15_0195.png,47.85344270261688,3,1.0133167594872754,0.3333333333333333,3,1.0133167594872754,0.3333333333333333,3,1.0133167594872754,0.3333333333333333,3,1.0133167594872754,0.3333333333333333
sd15_pilot,sd15_0196.png,64.95261014035518,3,0.25454196366392967,0.3333333333333333,3,0.25454196366392967,0.3333333333333333,3,0.25454196366392967,0.3333333333333333,3,0.25454196366392967,0.3333333333333333
sd15_pilot,sd15_0197.png,85.06254710786726,2,0.6770717377802145,0.0,2,0.6770717377802145,0.0,2,0.6770717377802145,0.0,2,0.6770717377802145,0.0
gemini,0010.png,163.09464712213082,3,0.16124647756285349,0.3333333333333333,3,0.16124647756285349,0.3333333333333333,3,0.16124647756285349,0.3333333333333333,3,0.16124647756285349,0.3333333333333333
gemini,0013.png,53.89897937824818,4,,1.0,4,,1.0,4,,1.0,4,,1.0
gemini,0015.png,6.020894037839577,4,1.9181292572384727,0.25,4,1.9181292572384727,0.25,4,1.9181292572384727,0.25,4,1.9181292572384727,0.25
gemini,0021.png,112.02720461564898,2,,0.5,2,,0.5,2,,0.5,2,,0.5
gemini,0025.png,339.848210465586,1,,0.0,1,,0.0,1,,0.0,1,,0.0
gemini,0027.png,47.696177767404954,3,,1.0,3,,1.0,3,,1.0,3,,1.0
gemini,0028.png,128.7249097680348,4,,1.0,4,,1.0,4,,1.0,4,,1.0
gemini,0033.png,7.2869356665185245,4,0.02510323052173291,0.25,4,0.02510323052173291,0.25,4,0.02510323052173291,0.25,4,0.02510323052173291,0.25
gemini,0035.png,171.45979422260768,3,,0.6666666666666666,3,,0.6666666666666666,3,,0.6666666666666666,3,,0.6666666666666666
gemini,0037.png,292.2740784292112,2,0.27305930476104656,0.0,2,0.27305930476104656,0.0,2,0.27305930476104656,0.0,2,0.27305930476104656,0.0
gemini,0039.png,1605.2712167508296,2,,1.0,2,,1.0,2,,1.0,2,,1.0
gemini,0045.png,276.33618610197067,3,,0.6666666666666666,3,,0.6666666666666666,3,,0.6666666666666666,3,,0.6666666666666666
gemini,0046.png,7.135583188381728,3,2.150831866116971,0.0,3,2.150831866116971,0.0,3,2.150831866116971,0.0,3,2.150831866116971,0.0
gemini,0050.png,37.643194696180714,2,0.37932961138231835,0.0,2,0.37932961138231835,0.0,2,0.37932961138231835,0.0,2,0.37932961138231835,0.0
gemini,0074.png,10.948083974914365,3,0.34814198497283666,0.3333333333333333,3,0.34814198497283666,0.3333333333333333,3,0.34814198497283666,0.3333333333333333,3,0.34814198497283666,0.3333333333333333
gemini,0077.png,213.02827240511198,2,,0.5,2,,0.5,2,,0.5,2,,0.5
gemini,0081.png,38.350587246237474,2,,0.5,2,,0.5,2,,0.5,2,,0.5
gemini,0082.png,4.467848087104364,3,0.18559875791392866,0.0,3,0.18559875791392866,0.0,3,0.18559875791392866,0.0,3,0.18559875791392866,0.0
gemini,0084.png,8.00734175442962,2,0.08433553222077528,0.0,2,0.08433553222077528,0.0,2,0.08433553222077528,0.0,2,0.08433553222077528,0.0
gemini,0085.png,14.518394977883414,2,0.0070934895157321876,0.0,2,0.0070934895157321876,0.0,2,0.0070934895157321876,0.0,2,0.0070934895157321876,0.0
gemini,0087.png,31.330972180443784,3,1.8741736087403638,0.3333333333333333,3,1.8741736087403638,0.3333333333333333,3,1.8741736087403638,0.3333333333333333,3,1.8741736087403638,0.3333333333333333
gemini,0089.png,23.070745331700326,2,0.041674969741434253,0.0,2,0.041674969741434253,0.0,2,0.041674969741434253,0.0,2,0.041674969741434253,0.0
gemini,0091.png,0.06855143086277954,2,0.702116853267988,0.0,2,0.425304293209094,0.0,2,0.425304293209094,0.0,2,0.425304293209094,0.0
gemini,0092.png,92.4117846187783,4,0.6690970897601574,0.25,4,0.6690970897601574,0.25,4,0.6690970897601574,0.25,4,0.6690970897601574,0.25
gemini,0093.png,18.827942562623043,3,0.18179508959095436,0.0,3,0.18179508959095436,0.0,3,0.18179508959095436,0.0,3,0.18179508959095436,0.0
gemini,0096.png,114.31537730130982,3,1.9308945361002916,0.0,3,1.9308945361002916,0.0,3,1.9308945361002916,0.0,3,1.9308945361002916,0.0
gemini,0097.png,13484.277441877255,2,,1.0,2,,1.0,2,,1.0,2,,1.0
gemini,0103.png,8.09937422306449,4,,0.75,4,,0.75,4,,0.75,4,,0.75
gemini,0104.png,733.4679950318184,4,0.65229724827363,0.0,4,0.65229724827363,0.0,4,0.65229724827363,0.0,4,0.65229724827363,0.0
gemini,0105.png,300.75074841040697,2,0.183681402035357,0.0,2,0.183681402035357,0.0,2,0.183681402035357,0.0,2,0.183681402035357,0.0
gemini,0111.png,25.98436844123156,4,0.6237270631797571,0.25,4,0.6237270631797571,0.25,4,0.6237270631797571,0.25,4,0.6237270631797571,0.25
gemini,0112.png,23.609056784129457,1,,0.0,1,,0.0,1,,0.0,1,,0.0
gemini,0121.png,37.435394904943415,1,,0.0,1,,0.0,1,,0.0,1,,0.0
gemini,0122.png,532.0729033067976,2,0.0454981222072135,0.0,2,0.0454981222072135,0.0,2,0.0454981222072135,0.0,2,0.0454981222072135,0.0
gemini,0128.png,24.966165578807168,4,0.1907750135861459,0.0,4,0.1907750135861459,0.0,4,0.1907750135861459,0.0,4,0.1907750135861459,0.0
gemini,0130.png,13.644677542088859,4,0.6649832844531076,0.25,4,0.6649832844531076,0.25,4,0.6649832844531076,0.25,4,0.6649832844531076,0.25
gemini,0132.png,194.99980160605568,3,,0.6666666666666666,3,,0.6666666666666666,3,,0.6666666666666666,3,,0.6666666666666666
gemini,0135.png,209.64591065528117,4,1.0264079829949697,0.5,4,1.0264079829949697,0.5,4,1.0264079829949697,0.5,4,1.0264079829949697,0.5
gemini,0137.png,81.09345948243586,3,,1.0,3,,1.0,3,,1.0,3,,1.0
gemini,0139.png,77.50336057342382,2,,0.5,2,,0.5,2,,0.5,2,,0.5
gemini,0143.png,70.96425942212312,2,,0.5,2,,0.5,2,,0.5,2,,0.5
gemini,0145.png,38.214487376490084,3,,1.0,3,,1.0,3,,1.0,3,,1.0
gemini,0153.png,0.44851926603471826,4,,0.75,4,0.20498162881800042,0.25,4,0.20498162881800042,0.25,4,0.20498162881800042,0.25
gemini,0155.png,10.420075870511235,4,,0.75,4,,0.75,4,,0.75,4,,0.75
gemini,0159.png,27.840751684918875,3,0.33830969229446506,0.0,3,0.33830969229446506,0.0,3,0.33830969229446506,0.0,3,0.33830969229446506,0.0
gemini,0163.png,38.523053546417195,4,1.4435979973731774,0.5,4,1.4435979973731774,0.5,4,1.4435979973731774,0.5,4,1.4435979973731774,0.5
gemini,0165.png,208.47745498452636,2,,0.5,2,,0.5,2,,0.5,2,,0.5
gemini,0172.png,133.63475031934985,3,,1.0,3,,1.0,3,,1.0,3,,1.0
gemini,0173.png,32347.609581443547,0,,,0,,,0,,,0,,
gemini,0175.png,91.57406540465743,2,,1.0,2,,1.0,2,,1.0,2,,1.0
gemini,0176.png,4657.819925919871,3,,1.0,3,,1.0,3,,1.0,3,,1.0
gemini,0177.png,45.610367744641124,2,0.13507522960789053,0.0,2,0.13507522960789053,0.0,2,0.13507522960789053,0.0,2,0.13507522960789053,0.0
gemini,0178.png,95.74700068962791,2,0.11936355170775403,0.0,2,0.11936355170775403,0.0,2,0.11936355170775403,0.0,2,0.11936355170775403,0.0
gemini,0185.png,12.162576685450793,3,0.1054058544466221,0.3333333333333333,3,0.1054058544466221,0.3333333333333333,3,0.1054058544466221,0.3333333333333333,3,0.1054058544466221,0.3333333333333333
gemini,0186.png,62.97930857424046,2,0.07911301455604391,0.0,2,0.07911301455604391,0.0,2,0.07911301455604391,0.0,2,0.07911301455604391,0.0
gemini,0190.png,71.41381483103086,2,0.5047346927872214,0.0,2,0.5047346927872214,0.0,2,0.5047346927872214,0.0,2,0.5047346927872214,0.0
gemini,0193.png,23.477632363536138,4,,0.75,4,,0.75,4,,0.75,4,,0.75
gemini,0195.png,52.298386106432304,4,3.901763145730275,0.25,4,3.901763145730275,0.25,4,3.901763145730275,0.25,4,3.901763145730275,0.25
gptimage,0001.png,19.91726198444763,2,0.49081403261139656,0.0,2,0.49081403261139656,0.0,2,0.49081403261139656,0.0,2,0.49081403261139656,0.0
gptimage,0005.png,23.3603448674742,2,0.0004317060794072347,0.0,2,0.0004317060794072347,0.0,2,0.0004317060794072347,0.0,2,0.0004317060794072347,0.0
gptimage,0006.png,10.812638159565914,3,0.02684171871769525,0.3333333333333333,3,0.02684171871769525,0.3333333333333333,3,0.02684171871769525,0.3333333333333333,3,0.02684171871769525,0.3333333333333333
gptimage,0007.png,46.302386016209276,2,,0.5,2,,0.5,2,,0.5,2,,0.5
gptimage,0008.png,5.170647990436174,2,0.018405809605932077,0.0,2,0.018405809605932077,0.0,2,0.018405809605932077,0.0,2,0.018405809605932077,0.0
gptimage,0009.png,362.22956720066,2,,1.0,2,,1.0,2,,1.0,2,,1.0
gptimage,0010.png,26.506829264305573,3,0.6343210269283839,0.0,3,0.6343210269283839,0.0,3,0.6343210269283839,0.0,3,0.6343210269283839,0.0
gptimage,0011.png,44.62219811490694,2,0.0904707201025099,0.0,2,0.0904707201025099,0.0,2,0.0904707201025099,0.0,2,0.0904707201025099,0.0
gptimage,0013.png,9.937032061810838,3,0.45273185965604146,0.0,3,0.45273185965604146,0.0,3,0.45273185965604146,0.0,3,0.45273185965604146,0.0
gptimage,0014.png,18.14872067684377,2,0.4498913779885152,0.0,2,0.4498913779885152,0.0,2,0.4498913779885152,0.0,2,0.4498913779885152,0.0
gptimage,0015.png,117.22950949510658,3,0.4459361017327259,0.0,3,0.4459361017327259,0.0,3,0.4459361017327259,0.0,3,0.4459361017327259,0.0
gptimage,0016.png,13.940660528406529,4,0.8414349434776085,0.25,4,0.8414349434776085,0.25,4,0.8414349434776085,0.25,4,0.8414349434776085,0.25
gptimage,0017.png,362.85760905854397,3,0.5563943335328174,0.3333333333333333,3,0.5563943335328174,0.3333333333333333,3,0.5563943335328174,0.3333333333333333,3,0.5563943335328174,0.3333333333333333
gptimage,0018.png,29.24379902011211,3,0.8691774056419979,0.0,3,0.8691774056419979,0.0,3,0.8691774056419979,0.0,3,0.8691774056419979,0.0
gptimage,0019.png,20.550534262666012,3,0.06510768566942904,0.0,3,0.06510768566942904,0.0,3,0.06510768566942904,0.0,3,0.06510768566942904,0.0
gptimage,0020.png,3.8643451317763104,2,0.009445232379916568,0.0,2,0.009445232379916568,0.0,2,0.009445232379916568,0.0,2,0.009445232379916568,0.0
gptimage,0021.png,976.3825900388114,2,,0.5,2,,0.5,2,,0.5,2,,0.5
gptimage,0023.png,8.34628183353279,2,0.7735993905318708,0.0,2,0.7735993905318708,0.0,2,0.7735993905318708,0.0,2,0.7735993905318708,0.0
gptimage,0024.png,20.827905831323797,4,0.7408089648757157,0.0,4,0.7408089648757157,0.0,4,0.7408089648757157,0.0,4,0.7408089648757157,0.0
gptimage,0025.png,61.4108443778447,2,0.0379808344399839,0.0,2,0.0379808344399839,0.0,2,0.0379808344399839,0.0,2,0.0379808344399839,0.0
gptimage,0027.png,12.513579560066724,3,0.9214165813233741,0.3333333333333333,3,0.9214165813233741,0.3333333333333333,3,0.9214165813233741,0.3333333333333333,3,0.9214165813233741,0.3333333333333333
gptimage,0029.png,385.2551314522162,3,,1.0,3,,1.0,3,,1.0,3,,1.0
gptimage,0031.png,28.16334440021831,3,0.31963508045569355,0.0,3,0.31963508045569355,0.0,3,0.31963508045569355,0.0,3,0.31963508045569355,0.0
gptimage,0032.png,14.884598162217511,4,0.5013649462561336,0.25,4,0.5013649462561336,0.25,4,0.5013649462561336,0.25,4,0.5013649462561336,0.25
gptimage,0033.png,13.328072270141515,3,0.3549831658882239,0.0,3,0.3549831658882239,0.0,3,0.3549831658882239,0.0,3,0.3549831658882239,0.0
gptimage,0035.png,227.16958567716767,3,,1.0,3,,1.0,3,,1.0,3,,1.0
gptimage,0036.png,16.31627564782406,3,1.2036371651118563,0.0,3,1.2036371651118563,0.0,3,1.2036371651118563,0.0,3,1.2036371651118563,0.0
gptimage,0037.png,233.08574018499976,2,,0.5,2,,0.5,2,,0.5,2,,0.5
gptimage,0038.png,58.14226963627906,3,1.090758427908872,0.3333333333333333,3,1.090758427908872,0.3333333333333333,3,1.090758427908872,0.3333333333333333,3,1.090758427908872,0.3333333333333333
gptimage,0041.png,233.49355921944928,2,,1.0,2,,1.0,2,,1.0,2,,1.0
gptimage,0043.png,24.30094017969044,3,2.366257162672433,0.3333333333333333,3,2.366257162672433,0.3333333333333333,3,2.366257162672433,0.3333333333333333,3,2.366257162672433,0.3333333333333333
gptimage,0044.png,14.615681676162016,2,0.06918007921775793,0.0,2,0.06918007921775793,0.0,2,0.06918007921775793,0.0,2,0.06918007921775793,0.0
gptimage,0045.png,374.7312370996027,2,0.3157038215130674,0.0,2,0.3157038215130674,0.0,2,0.3157038215130674,0.0,2,0.3157038215130674,0.0
gptimage,0047.png,8.38404734371051,2,0.8622781889120041,0.0,2,0.8622781889120041,0.0,2,0.8622781889120041,0.0,2,0.8622781889120041,0.0
gptimage,0048.png,5.361059996527676,3,0.5309629020056912,0.0,3,0.5309629020056912,0.0,3,0.5309629020056912,0.0,3,0.5309629020056912,0.0
gptimage,0049.png,51.929705995203605,2,0.49690536869454327,0.0,2,0.49690536869454327,0.0,2,0.49690536869454327,0.0,2,0.49690536869454327,0.0
